{"Mean":{"confidence_interval":{"confidence_level":0.95,"lower_bound":20996.105631656974,"upper_bound":21492.05306717026},"point_estimate":21214.228110918742,"standard_error":127.22086816283837},"Median":{"confidence_interval":{"confidence_level":0.95,"lower_bound":20805.083303281644,"upper_bound":20911.286415711947},"point_estimate":20865.596222318716,"standard_error":30.03742724457778},"MedianAbsDev":{"confidence_interval":{"confidence_level":0.95,"lower_bound":157.33444152536387,"upper_bound":335.10720485549},"point_estimate":230.82510307987593,"standard_error":46.51980703738892},"Slope":{"confidence_interval":{"confidence_level":0.95,"lower_bound":20793.31229024904,"upper_bound":21533.041328567953},"point_estimate":21061.58066757009,"standard_error":199.9921541109935},"StdDev":{"confidence_interval":{"confidence_level":0.95,"lower_bound":558.9489356048476,"upper_bound":1876.7410131801032},"point_estimate":1280.628850960179,"standard_error":339.19649436962203}}