{"Mean":{"confidence_interval":{"confidence_level":0.95,"lower_bound":16829.931535823023,"upper_bound":16983.70894546245},"point_estimate":16900.713575252845,"standard_error":39.183186327886084},"Median":{"confidence_interval":{"confidence_level":0.95,"lower_bound":16764.60760233918,"upper_bound":16822.957284515636},"point_estimate":16799.04363717264,"standard_error":13.696816407503984},"MedianAbsDev":{"confidence_interval":{"confidence_level":0.95,"lower_bound":87.88489558258853,"upper_bound":151.3918095615107},"point_estimate":124.09528349559645,"standard_error":15.547688275563905},"Slope":{"confidence_interval":{"confidence_level":0.95,"lower_bound":16782.776441246835,"upper_bound":16990.911175278976},"point_estimate":16876.700489475497,"standard_error":53.43913796479218},"StdDev":{"confidence_interval":{"confidence_level":0.95,"lower_bound":233.42199742130586,"upper_bound":532.6942076612984},"point_estimate":393.87630501771343,"standard_error":76.7861610977348}}