{"Mean":{"confidence_interval":{"confidence_level":0.95,"lower_bound":14871.263670136372,"upper_bound":15824.026528706441},"point_estimate":15265.583527416245,"standard_error":247.25847514509448},"Median":{"confidence_interval":{"confidence_level":0.95,"lower_bound":14626.198123827393,"upper_bound":14978.74177978884},"point_estimate":14779.51294117647,"standard_error":89.0643703355733},"MedianAbsDev":{"confidence_interval":{"confidence_level":0.95,"lower_bound":504.3303641776713,"upper_bound":907.2906188775429},"point_estimate":624.7553992917113,"standard_error":102.40137366516115},"Slope":{"confidence_interval":{"confidence_level":0.95,"lower_bound":14983.493690073445,"upper_bound":15437.605291687702},"point_estimate":15189.538767002763,"standard_error":116.23299798218602},"StdDev":{"confidence_interval":{"confidence_level":0.95,"lower_bound":959.393942698938,"upper_bound":3891.1741488921925},"point_estimate":2455.4832920891627,"standard_error":905.3205413134472}}