{"Mean":{"confidence_interval":{"confidence_level":0.95,"lower_bound":25748.646007931857,"upper_bound":26002.197888753082},"point_estimate":25868.28725516844,"standard_error":64.6344193250245},"Median":{"confidence_interval":{"confidence_level":0.95,"lower_bound":25775.448355263157,"upper_bound":25986.51051201373},"point_estimate":25867.537261465066,"standard_error":55.321672997428884},"MedianAbsDev":{"confidence_interval":{"confidence_level":0.95,"lower_bound":278.99258396612555,"upper_bound":482.2118248309465},"point_estimate":360.40287270961534,"standard_error":52.55098306850666},"Slope":{"confidence_interval":{"confidence_level":0.95,"lower_bound":25454.398971829618,"upper_bound":25799.87939865718},"point_estimate":25612.569798869124,"standard_error":88.62517703253123},"StdDev":{"confidence_interval":{"confidence_level":0.95,"lower_bound":432.17254780196015,"upper_bound":878.4008622549906},"point_estimate":649.9561412020131,"standard_error":118.67462136274344}}