{"Mean":{"confidence_interval":{"confidence_level":0.95,"lower_bound":25392.870741177674,"upper_bound":25730.88772686928},"point_estimate":25531.88878606019,"standard_error":88.23853541832297},"Median":{"confidence_interval":{"confidence_level":0.95,"lower_bound":25345.052631578947,"upper_bound":25423.13876244666},"point_estimate":25388.276983218915,"standard_error":18.21368704181077},"MedianAbsDev":{"confidence_interval":{"confidence_level":0.95,"lower_bound":163.6969947880359,"upper_bound":318.99316889835444},"point_estimate":258.7479594280474,"standard_error":35.90878300703193},"Slope":{"confidence_interval":{"confidence_level":0.95,"lower_bound":25371.145345264096,"upper_bound":25614.227770585137},"point_estimate":25487.19821027743,"standard_error":62.17627171647123},"StdDev":{"confidence_interval":{"confidence_level":0.95,"lower_bound":332.4031421484304,"upper_bound":1426.8355364728916},"point_estimate":890.4005255442426,"standard_error":349.9883064247611}}