{"Mean":{"confidence_interval":{"confidence_level":0.95,"lower_bound":15272.582764939885,"upper_bound":16134.587429323241},"point_estimate":15668.59094977891,"standard_error":222.586996968214},"Median":{"confidence_interval":{"confidence_level":0.95,"lower_bound":14881.618644067798,"upper_bound":15027.556467439787},"point_estimate":14934.91475420482,"standard_error":41.29112343641955},"MedianAbsDev":{"confidence_interval":{"confidence_level":0.95,"lower_bound":159.8644819299756,"upper_bound":314.4136738754065},"point_estimate":219.11228395272386,"standard_error":40.86018224399544},"Slope":{"confidence_interval":{"confidence_level":0.95,"lower_bound":14985.37752293272,"upper_bound":15352.682383133973},"point_estimate":15138.539957320296,"standard_error":93.64864262981116},"StdDev":{"confidence_interval":{"confidence_level":0.95,"lower_bound":1321.621210495437,"upper_bound":2932.6017069166364},"point_estimate":2240.8694329183427,"standard_error":410.7819909742662}}