{"Mean":{"confidence_interval":{"confidence_level":0.95,"lower_bound":20802.319066566575,"upper_bound":21353.25928464338},"point_estimate":21030.24850804764,"standard_error":142.16967139310825},"Median":{"confidence_interval":{"confidence_level":0.95,"lower_bound":20662.80825116762,"upper_bound":20743.893971631205},"point_estimate":20695.72165031181,"standard_error":19.45799223985464},"MedianAbsDev":{"confidence_interval":{"confidence_level":0.95,"lower_bound":123.90886505026769,"upper_bound":219.71065323206804},"point_estimate":162.55961004443083,"standard_error":23.87399014991832},"Slope":{"confidence_interval":{"confidence_level":0.95,"lower_bound":20690.738208999268,"upper_bound":21050.235006113107},"point_estimate":20830.086604579796,"standard_error":94.89623194462666},"StdDev":{"confidence_interval":{"confidence_level":0.95,"lower_bound":556.0973138765123,"upper_bound":2267.9100277706784},"point_estimate":1427.9546041252352,"standard_error":541.95407226461}}