{"Mean":{"confidence_interval":{"confidence_level":0.95,"lower_bound":27964.081955586367,"upper_bound":28265.822412201836},"point_estimate":28082.364513299333,"standard_error":80.34150119806893},"Median":{"confidence_interval":{"confidence_level":0.95,"lower_bound":27880.403516483515,"upper_bound":27976.024603174603},"point_estimate":27922.9484117706,"standard_error":22.03357228744352},"MedianAbsDev":{"confidence_interval":{"confidence_level":0.95,"lower_bound":127.61290601027935,"upper_bound":236.62369086093653},"point_estimate":181.25804426622406,"standard_error":29.42992984814436},"Slope":{"confidence_interval":{"confidence_level":0.95,"lower_bound":27994.35784353823,"upper_bound":28486.59209810659},"point_estimate":28177.741874305982,"standard_error":133.12116535609974},"StdDev":{"confidence_interval":{"confidence_level":0.95,"lower_bound":250.66812462270536,"upper_bound":1320.5233518960742},"point_estimate":805.6447265133846,"standard_error":358.0758446113436}}