{"Mean":{"confidence_interval":{"confidence_level":0.95,"lower_bound":-0.11230050383289483,"upper_bound":-0.06562462710905037},"point_estimate":-0.09429942107259048,"standard_error":0.012428304091720164},"Median":{"confidence_interval":{"confidence_level":0.95,"lower_bound":-0.11125529733375716,"upper_bound":-0.10018404879668352},"point_estimate":-0.10736973057847299,"standard_error":0.0028089594031017687}}