{"Mean":{"confidence_interval":{"confidence_level":0.95,"lower_bound":-0.15484801926130887,"upper_bound":-0.13787449548663724},"point_estimate":-0.14677412345748508,"standard_error":0.004315185150409952},"Median":{"confidence_interval":{"confidence_level":0.95,"lower_bound":-0.15996349348740488,"upper_bound":-0.14845400339136264},"point_estimate":-0.153725922948862,"standard_error":0.0028174741414029795}}