{"Mean":{"confidence_interval":{"confidence_level":0.95,"lower_bound":-0.058500155179606605,"upper_bound":-0.01885734788667893},"point_estimate":-0.03471307080856423,"standard_error":0.01058365818043913},"Median":{"confidence_interval":{"confidence_level":0.95,"lower_bound":-0.027988176325047243,"upper_bound":-0.018648762925578488},"point_estimate":-0.023864858040665626,"standard_error":0.0022624353183887526}}