{"Mean":{"confidence_interval":{"confidence_level":0.95,"lower_bound":6.954639341050825,"upper_bound":7.144770423092648},"point_estimate":7.034758898601037,"standard_error":0.048656920886839476},"Median":{"confidence_interval":{"confidence_level":0.95,"lower_bound":6.933879050145074,"upper_bound":7.041311645557199},"point_estimate":6.9926638944763875,"standard_error":0.027358774329056187}}