{"Mean":{"confidence_interval":{"confidence_level":0.95,"lower_bound":-0.12471924616652064,"upper_bound":-0.10136464699547491},"point_estimate":-0.11264032178318728,"standard_error":0.006005596850714433},"Median":{"confidence_interval":{"confidence_level":0.95,"lower_bound":-0.13576221008072376,"upper_bound":-0.1131236136077155},"point_estimate":-0.12516451764865577,"standard_error":0.0060923175789997465}}