{"Mean":{"confidence_interval":{"confidence_level":0.95,"lower_bound":-0.002882061004100711,"upper_bound":0.01064456608154586},"point_estimate":0.0032450576566420697,"standard_error":0.0034239770654115945},"Median":{"confidence_interval":{"confidence_level":0.95,"lower_bound":-0.0025393595429971105,"upper_bound":0.005405060904498759},"point_estimate":0.0007990607647110348,"standard_error":0.002016985423279099}}