{"Mean":{"confidence_interval":{"confidence_level":0.95,"lower_bound":0.09558792705704505,"upper_bound":0.11870590397972225},"point_estimate":0.10724134043983469,"standard_error":0.005886176231068319},"Median":{"confidence_interval":{"confidence_level":0.95,"lower_bound":0.10897274715807748,"upper_bound":0.13650993835867542},"point_estimate":0.12320233061765817,"standard_error":0.007596150933294608}}