{"Mean":{"confidence_interval":{"confidence_level":0.95,"lower_bound":0.15912852589795168,"upper_bound":0.18541732635712543},"point_estimate":0.1700407819378802,"standard_error":0.006451643963060335},"Median":{"confidence_interval":{"confidence_level":0.95,"lower_bound":0.14551544615253142,"upper_bound":0.16419489696818257},"point_estimate":0.1503614805047948,"standard_error":0.0048571178395761016}}