{"Mean":{"confidence_interval":{"confidence_level":0.95,"lower_bound":-0.018772483933928608,"upper_bound":0.010948001690544718},"point_estimate":-0.004806976529851847,"standard_error":0.007652301384107889},"Median":{"confidence_interval":{"confidence_level":0.95,"lower_bound":-0.020660242279767704,"upper_bound":0.007012239260186792},"point_estimate":-0.006470927208173549,"standard_error":0.007458243155637622}}