{"Mean":{"confidence_interval":{"confidence_level":0.95,"lower_bound":-0.15394161573416812,"upper_bound":-0.09394205682160561},"point_estimate":-0.1238316028338432,"standard_error":0.014904162488353512},"Median":{"confidence_interval":{"confidence_level":0.95,"lower_bound":-0.12779332058493686,"upper_bound":-0.11643925722870918},"point_estimate":-0.12027362103033368,"standard_error":0.0028459129414278015}}