{"Mean":{"confidence_interval":{"confidence_level":0.95,"lower_bound":-0.184043664599009,"upper_bound":-0.17566401794252892},"point_estimate":-0.17972141700505162,"standard_error":0.0021419529259025546},"Median":{"confidence_interval":{"confidence_level":0.95,"lower_bound":-0.17969892142784671,"upper_bound":-0.17370420809220943},"point_estimate":-0.1759746851946009,"standard_error":0.001357396618910989}}