{"Mean":{"confidence_interval":{"confidence_level":0.95,"lower_bound":-0.308275373542876,"upper_bound":-0.2899754457946723},"point_estimate":-0.2985868383948419,"standard_error":0.00467628475018368},"Median":{"confidence_interval":{"confidence_level":0.95,"lower_bound":-0.2982232881207676,"upper_bound":-0.281703510627777},"point_estimate":-0.28924191326988347,"standard_error":0.004704594983687996}}