{"Mean":{"confidence_interval":{"confidence_level":0.95,"lower_bound":-0.23124704418889008,"upper_bound":-0.21160806836245497},"point_estimate":-0.22159857971994368,"standard_error":0.00502665834342949},"Median":{"confidence_interval":{"confidence_level":0.95,"lower_bound":-0.22977265142913247,"upper_bound":-0.21659321018235167},"point_estimate":-0.22465093213039955,"standard_error":0.0032732014186852816}}