{"Mean":{"confidence_interval":{"confidence_level":0.95,"lower_bound":1478237.8284595313,"upper_bound":1543870.8513993374},"point_estimate":1509866.8646459174,"standard_error":16746.251855977378},"Median":{"confidence_interval":{"confidence_level":0.95,"lower_bound":1464088.1166666667,"upper_bound":1517284.0847395451},"point_estimate":1495480.5416666665,"standard_error":14845.199164000038},"MedianAbsDev":{"confidence_interval":{"confidence_level":0.95,"lower_bound":85882.98424215456,"upper_bound":148709.20537039294},"point_estimate":108535.14690619694,"standard_error":15727.576623485003},"Slope":{"confidence_interval":{"confidence_level":0.95,"lower_bound":1469959.8579338596,"upper_bound":1519915.5213254327},"point_estimate":1494555.41664253,"standard_error":12745.281541584096},"StdDev":{"confidence_interval":{"confidence_level":0.95,"lower_bound":123458.82014589747,"upper_bound":216318.93605101333},"point_estimate":167793.94059132217,"standard_error":24477.50938629215}}