{"Mean":{"confidence_interval":{"confidence_level":0.95,"lower_bound":1448346.9228828761,"upper_bound":1559435.102955932},"point_estimate":1499051.687751058,"standard_error":28184.455996565906},"Median":{"confidence_interval":{"confidence_level":0.95,"lower_bound":1459973.4235294117,"upper_bound":1526680.2364058355},"point_estimate":1507716.7890625,"standard_error":17024.318070850062},"MedianAbsDev":{"confidence_interval":{"confidence_level":0.95,"lower_bound":92921.56087160938,"upper_bound":151091.46512876506},"point_estimate":117060.03456645654,"standard_error":14364.274317221973},"Slope":{"confidence_interval":{"confidence_level":0.95,"lower_bound":1494307.9175347316,"upper_bound":1556213.1840182112},"point_estimate":1523882.6012767844,"standard_error":15762.848017808405},"StdDev":{"confidence_interval":{"confidence_level":0.95,"lower_bound":144619.38097701178,"upper_bound":428222.0766234063},"point_estimate":284125.6994458197,"standard_error":81007.47418949359}}