{"Mean":{"confidence_interval":{"confidence_level":0.95,"lower_bound":1494728.8390593054,"upper_bound":1560680.1468836912},"point_estimate":1528425.3683371327,"standard_error":16882.56610240632},"Median":{"confidence_interval":{"confidence_level":0.95,"lower_bound":1520925.9637931036,"upper_bound":1566925.9},"point_estimate":1546270.4389233955,"standard_error":10873.896904390393},"MedianAbsDev":{"confidence_interval":{"confidence_level":0.95,"lower_bound":100247.35337521468,"upper_bound":163011.84303777912},"point_estimate":130433.2347922419,"standard_error":15547.210535543758},"Slope":{"confidence_interval":{"confidence_level":0.95,"lower_bound":1527886.1159711862,"upper_bound":1574675.7353008143},"point_estimate":1551081.5120319196,"standard_error":11918.021488267677},"StdDev":{"confidence_interval":{"confidence_level":0.95,"lower_bound":133575.75052182967,"upper_bound":204055.65924390036},"point_estimate":170064.2956861694,"standard_error":18052.465241918217}}