{"Mean":{"confidence_interval":{"confidence_level":0.95,"lower_bound":1482116.2896950708,"upper_bound":1592979.7739805046},"point_estimate":1533171.6204379788,"standard_error":28416.046220391734},"Median":{"confidence_interval":{"confidence_level":0.95,"lower_bound":1470171.0384615385,"upper_bound":1542082.5151515151},"point_estimate":1506680.54170008,"standard_error":18424.188358047348},"MedianAbsDev":{"confidence_interval":{"confidence_level":0.95,"lower_bound":107104.87270334933,"upper_bound":173593.46436282722},"point_estimate":146231.9388966892,"standard_error":16647.269632060495},"Slope":{"confidence_interval":{"confidence_level":0.95,"lower_bound":1502458.039032781,"upper_bound":1559568.1977571172},"point_estimate":1530191.5939145854,"standard_error":14543.043708779614},"StdDev":{"confidence_interval":{"confidence_level":0.95,"lower_bound":165659.89548966876,"upper_bound":417624.4342594042},"point_estimate":285833.73521791206,"standard_error":72533.0765007889}}