{"Mean":{"confidence_interval":{"confidence_level":0.95,"lower_bound":1533086.188855106,"upper_bound":1990989.9575312752},"point_estimate":1740349.8130371226,"standard_error":117240.38793317012},"Median":{"confidence_interval":{"confidence_level":0.95,"lower_bound":1387257.452020202,"upper_bound":1464899.948051948},"point_estimate":1421495.114137931,"standard_error":18146.56842979085},"MedianAbsDev":{"confidence_interval":{"confidence_level":0.95,"lower_bound":88980.28281462265,"upper_bound":165951.50336046083},"point_estimate":123832.86145025077,"standard_error":20645.422184532603},"Slope":{"confidence_interval":{"confidence_level":0.95,"lower_bound":1549300.089478416,"upper_bound":2018573.478081932},"point_estimate":1750880.3769144376,"standard_error":120340.023873884},"StdDev":{"confidence_interval":{"confidence_level":0.95,"lower_bound":619744.352314297,"upper_bound":1623201.4275284891},"point_estimate":1177597.113962915,"standard_error":255628.8967794281}}