{"Mean":{"confidence_interval":{"confidence_level":0.95,"lower_bound":1505500.8141753583,"upper_bound":1604025.8247117652},"point_estimate":1555009.8935942217,"standard_error":25069.958419690993},"Median":{"confidence_interval":{"confidence_level":0.95,"lower_bound":1535567.009090909,"upper_bound":1594848.0},"point_estimate":1557132.3160627484,"standard_error":15983.021898093652},"MedianAbsDev":{"confidence_interval":{"confidence_level":0.95,"lower_bound":90099.1032125181,"upper_bound":168387.1082829179},"point_estimate":123524.03981916046,"standard_error":20338.501766005244},"Slope":{"confidence_interval":{"confidence_level":0.95,"lower_bound":1567844.2925136206,"upper_bound":1629753.3051906028},"point_estimate":1597596.8403723955,"standard_error":15847.95025601231},"StdDev":{"confidence_interval":{"confidence_level":0.95,"lower_bound":180285.26258988873,"upper_bound":319204.4364105389},"point_estimate":252572.9246988088,"standard_error":35426.60087050725}}