{"Mean":{"confidence_interval":{"confidence_level":0.95,"lower_bound":1743615.176315091,"upper_bound":1973298.4203412984},"point_estimate":1850304.6757375414,"standard_error":58522.045838231264},"Median":{"confidence_interval":{"confidence_level":0.95,"lower_bound":1707467.72,"upper_bound":1792790.9692307692},"point_estimate":1753938.1697959183,"standard_error":26070.465544330375},"MedianAbsDev":{"confidence_interval":{"confidence_level":0.95,"lower_bound":147263.97921766288,"upper_bound":295829.2187781097},"point_estimate":194940.29688876824,"standard_error":38011.272918621245},"Slope":{"confidence_interval":{"confidence_level":0.95,"lower_bound":1825302.3664096324,"upper_bound":2002263.0818419133},"point_estimate":1907592.8919905424,"standard_error":45263.17229649429},"StdDev":{"confidence_interval":{"confidence_level":0.95,"lower_bound":357175.02965511184,"upper_bound":814245.4016642491},"point_estimate":591679.9671098331,"standard_error":119230.630896593}}