{"Mean":{"confidence_interval":{"confidence_level":0.95,"lower_bound":0.00043427573009429944,"upper_bound":0.04304396044031459},"point_estimate":0.02308086742619042,"standard_error":0.010955129565265433},"Median":{"confidence_interval":{"confidence_level":0.95,"lower_bound":0.020679996550015067,"upper_bound":0.049922423898830066},"point_estimate":0.027346668264905727,"standard_error":0.007797231621781906}}