{"Mean":{"confidence_interval":{"confidence_level":0.95,"lower_bound":-0.05944034789207377,"upper_bound":-0.004279835016841866},"point_estimate":-0.03063575234480287,"standard_error":0.014124007231725537},"Median":{"confidence_interval":{"confidence_level":0.95,"lower_bound":0.005941129226813446,"upper_bound":0.018339338503064795},"point_estimate":0.013453321159986764,"standard_error":0.0033592534503510754}}