{"Mean":{"confidence_interval":{"confidence_level":0.95,"lower_bound":0.15033420716101678,"upper_bound":0.22708771514415949},"point_estimate":0.18054874967112378,"standard_error":0.019613677124691628},"Median":{"confidence_interval":{"confidence_level":0.95,"lower_bound":0.14135712093728747,"upper_bound":0.16682512452472298},"point_estimate":0.15322101626639362,"standard_error":0.006863833032825978}}