{"Mean":{"confidence_interval":{"confidence_level":0.95,"lower_bound":-0.007516033480182585,"upper_bound":0.038105754387221025},"point_estimate":0.014401128982199474,"standard_error":0.01177365758069777},"Median":{"confidence_interval":{"confidence_level":0.95,"lower_bound":-0.014082169217779938,"upper_bound":-0.008008773067668562},"point_estimate":-0.011339410121977145,"standard_error":0.0016247902728840297}}