{"Mean":{"confidence_interval":{"confidence_level":0.95,"lower_bound":-0.1876937795572717,"upper_bound":-0.1645225368915758},"point_estimate":-0.1763144245117635,"standard_error":0.0060005813493241794},"Median":{"confidence_interval":{"confidence_level":0.95,"lower_bound":-0.18639747840082832,"upper_bound":-0.1825404641812917},"point_estimate":-0.18483157939425265,"standard_error":0.0009700516114119697}}