{"Mean":{"confidence_interval":{"confidence_level":0.95,"lower_bound":-0.21407761592120086,"upper_bound":-0.19402706903641245},"point_estimate":-0.20333120362016743,"standard_error":0.005115378819427862},"Median":{"confidence_interval":{"confidence_level":0.95,"lower_bound":-0.197159612651993,"upper_bound":-0.1921271909757284},"point_estimate":-0.1948927095980283,"standard_error":0.0013165764610717505}}