{"Mean":{"confidence_interval":{"confidence_level":0.95,"lower_bound":-0.009461559623394789,"upper_bound":0.02573234329146719},"point_estimate":0.008748332327157105,"standard_error":0.00889198355610338},"Median":{"confidence_interval":{"confidence_level":0.95,"lower_bound":0.004234367637897114,"upper_bound":0.010885074402879447},"point_estimate":0.008208197562627362,"standard_error":0.0017827262371370646}}