{"Mean":{"confidence_interval":{"confidence_level":0.95,"lower_bound":0.07787505311672745,"upper_bound":0.09420097531875005},"point_estimate":0.08559040791108119,"standard_error":0.004173614982909197},"Median":{"confidence_interval":{"confidence_level":0.95,"lower_bound":0.07405063278547819,"upper_bound":0.08363540825865252},"point_estimate":0.07945909691864972,"standard_error":0.002494992911114908}}