{"Mean":{"confidence_interval":{"confidence_level":0.95,"lower_bound":-0.09849965235934778,"upper_bound":-0.08256458744908954},"point_estimate":-0.09088460939359899,"standard_error":0.0039919015866873775},"Median":{"confidence_interval":{"confidence_level":0.95,"lower_bound":-0.09839699248445588,"upper_bound":-0.0931688334328803},"point_estimate":-0.09564652138115337,"standard_error":0.0013406394228804418}}