{"Mean":{"confidence_interval":{"confidence_level":0.95,"lower_bound":-0.14521891105830995,"upper_bound":-0.12947738293548566},"point_estimate":-0.13691893885743733,"standard_error":0.004011838389182896},"Median":{"confidence_interval":{"confidence_level":0.95,"lower_bound":-0.14410978234717142,"upper_bound":-0.12070183285683322},"point_estimate":-0.12673866260784084,"standard_error":0.00563401372108255}}