{"Mean":{"confidence_interval":{"confidence_level":0.95,"lower_bound":-0.09845724104598333,"upper_bound":-0.08261219536521663},"point_estimate":-0.090821259941672,"standard_error":0.003983523843036419},"Median":{"confidence_interval":{"confidence_level":0.95,"lower_bound":-0.09291669108518275,"upper_bound":-0.08898664736921835},"point_estimate":-0.09077377471654191,"standard_error":0.000969202169366221}}