{"Mean":{"confidence_interval":{"confidence_level":0.95,"lower_bound":-0.07108272260251722,"upper_bound":-0.05758173873973001},"point_estimate":-0.06353072405288829,"standard_error":0.0034486627546824315},"Median":{"confidence_interval":{"confidence_level":0.95,"lower_bound":-0.06675394722844175,"upper_bound":-0.05993199415995076},"point_estimate":-0.06372621848251658,"standard_error":0.0018226686870349226}}