{"Mean":{"confidence_interval":{"confidence_level":0.95,"lower_bound":-0.11859855235536308,"upper_bound":-0.05162480615729222},"point_estimate":-0.08606527780843898,"standard_error":0.016988260086259345},"Median":{"confidence_interval":{"confidence_level":0.95,"lower_bound":-0.10540427389192553,"upper_bound":-0.09485893887396835},"point_estimate":-0.10076962748083518,"standard_error":0.0028383708146919153}}