{"Mean":{"confidence_interval":{"confidence_level":0.95,"lower_bound":718244.2564359327,"upper_bound":734525.9033202353},"point_estimate":726062.9355920176,"standard_error":4163.826228481164},"Median":{"confidence_interval":{"confidence_level":0.95,"lower_bound":706287.0135135135,"upper_bound":722465.3214285715},"point_estimate":710957.9622035574,"standard_error":3638.276195227377},"MedianAbsDev":{"confidence_interval":{"confidence_level":0.95,"lower_bound":21925.8205783673,"upper_bound":47498.38482340181},"point_estimate":35107.25866835946,"standard_error":6177.760608598754},"Slope":{"confidence_interval":{"confidence_level":0.95,"lower_bound":732171.8870177342,"upper_bound":759326.494555316},"point_estimate":745608.9046638097,"standard_error":6930.846379427228},"StdDev":{"confidence_interval":{"confidence_level":0.95,"lower_bound":32013.7613509667,"upper_bound":51904.35998633943},"point_estimate":41665.16158772449,"standard_error":5176.696154216689}}