{"Mean":{"confidence_interval":{"confidence_level":0.95,"lower_bound":271092.35277159646,"upper_bound":275916.36240448273},"point_estimate":273340.0083960105,"standard_error":1234.293454651099},"Median":{"confidence_interval":{"confidence_level":0.95,"lower_bound":269576.64285714284,"upper_bound":271268.26666666666},"point_estimate":270520.59319975716,"standard_error":411.838221517681},"MedianAbsDev":{"confidence_interval":{"confidence_level":0.95,"lower_bound":2651.428886728274,"upper_bound":5091.595589466833},"point_estimate":4001.114126613468,"standard_error":650.5379241829871},"Slope":{"confidence_interval":{"confidence_level":0.95,"lower_bound":270261.8521253617,"upper_bound":272526.73496552533},"point_estimate":271255.69881927,"standard_error":581.8428067413374},"StdDev":{"confidence_interval":{"confidence_level":0.95,"lower_bound":7979.263007914085,"upper_bound":16340.084441236531},"point_estimate":12379.70998112745,"standard_error":2151.417672645744}}