{"Mean":{"confidence_interval":{"confidence_level":0.95,"lower_bound":325707.92003893567,"upper_bound":327859.7279470919},"point_estimate":326733.7507860231,"standard_error":548.3741226323004},"Median":{"confidence_interval":{"confidence_level":0.95,"lower_bound":325079.1770833333,"upper_bound":326087.3333333333},"point_estimate":325657.92226890754,"standard_error":270.22080372791964},"MedianAbsDev":{"confidence_interval":{"confidence_level":0.95,"lower_bound":1688.7137496155135,"upper_bound":3282.0609160727117},"point_estimate":2420.9727191514585,"standard_error":410.08322193492313},"Slope":{"confidence_interval":{"confidence_level":0.95,"lower_bound":323518.9330229392,"upper_bound":327483.9235946583},"point_estimate":325325.8509649771,"standard_error":1019.707096515132},"StdDev":{"confidence_interval":{"confidence_level":0.95,"lower_bound":3990.7967172505582,"upper_bound":6952.6664512103625},"point_estimate":5496.369947748433,"standard_error":764.1831071571181}}