{"Mean":{"confidence_interval":{"confidence_level":0.95,"lower_bound":106911.85763078471,"upper_bound":110122.89555126739},"point_estimate":108295.94812660218,"standard_error":827.1655099263832},"Median":{"confidence_interval":{"confidence_level":0.95,"lower_bound":106244.84343434343,"upper_bound":107219.40587962963},"point_estimate":106907.59179012346,"standard_error":303.16166396437717},"MedianAbsDev":{"confidence_interval":{"confidence_level":0.95,"lower_bound":1184.3141781818654,"upper_bound":2187.6485255916723},"point_estimate":1659.0851627307325,"standard_error":262.14901843992027},"Slope":{"confidence_interval":{"confidence_level":0.95,"lower_bound":107516.26410872699,"upper_bound":111814.58971744702},"point_estimate":109296.580043676,"standard_error":1110.0562236050177},"StdDev":{"confidence_interval":{"confidence_level":0.95,"lower_bound":3146.43984908033,"upper_bound":12745.366642200319},"point_estimate":8323.075017978601,"standard_error":2542.336084336114}}