{"Mean":{"confidence_interval":{"confidence_level":0.95,"lower_bound":212701.06138790093,"upper_bound":214434.38238887212},"point_estimate":213584.3225791621,"standard_error":440.7764338026928},"Median":{"confidence_interval":{"confidence_level":0.95,"lower_bound":212907.54347202295,"upper_bound":213565.16218062982},"point_estimate":213314.30645645646,"standard_error":183.47614101401473},"MedianAbsDev":{"confidence_interval":{"confidence_level":0.95,"lower_bound":1509.7330357968692,"upper_bound":2687.449069257925},"point_estimate":1889.5203190688587,"standard_error":313.2053241460745},"Slope":{"confidence_interval":{"confidence_level":0.95,"lower_bound":212863.15300596427,"upper_bound":214567.53385089245},"point_estimate":213695.67092478203,"standard_error":434.97890507478286},"StdDev":{"confidence_interval":{"confidence_level":0.95,"lower_bound":3103.4057188732477,"upper_bound":5713.1117605254185},"point_estimate":4427.618842754358,"standard_error":672.3361235368915}}