{"Mean":{"confidence_interval":{"confidence_level":0.95,"lower_bound":78560.15861253683,"upper_bound":79361.04142318617},"point_estimate":78920.84539840497,"standard_error":205.5923838149796},"Median":{"confidence_interval":{"confidence_level":0.95,"lower_bound":78249.33916083915,"upper_bound":78658.93825222398},"point_estimate":78434.63300053486,"standard_error":105.07180057142803},"MedianAbsDev":{"confidence_interval":{"confidence_level":0.95,"lower_bound":501.18419801915167,"upper_bound":1003.3238025371966},"point_estimate":625.0797519203697,"standard_error":137.80117081432675},"Slope":{"confidence_interval":{"confidence_level":0.95,"lower_bound":78299.29791650716,"upper_bound":79892.50389896685},"point_estimate":78961.74175716998,"standard_error":417.58361376579074},"StdDev":{"confidence_interval":{"confidence_level":0.95,"lower_bound":1054.7442255403466,"upper_bound":2917.3755395494622},"point_estimate":2068.955908094408,"standard_error":477.2399420514825}}