{"Mean":{"confidence_interval":{"confidence_level":0.95,"lower_bound":120782.94623404757,"upper_bound":121925.27390552254},"point_estimate":121287.2205893494,"standard_error":294.1783681732282},"Median":{"confidence_interval":{"confidence_level":0.95,"lower_bound":120416.51677345418,"upper_bound":120746.49047619048},"point_estimate":120536.96759259258,"standard_error":95.57346702188849},"MedianAbsDev":{"confidence_interval":{"confidence_level":0.95,"lower_bound":467.28317516085036,"upper_bound":874.9053092073274},"point_estimate":643.6649773323566,"standard_error":105.84400418937051},"Slope":{"confidence_interval":{"confidence_level":0.95,"lower_bound":120778.28414258521,"upper_bound":121734.38109657784},"point_estimate":121215.94510024137,"standard_error":243.62219425287503},"StdDev":{"confidence_interval":{"confidence_level":0.95,"lower_bound":1448.2055404492194,"upper_bound":4482.0280906522075},"point_estimate":2964.609389106929,"standard_error":879.6781306628536}}