{"Mean":{"confidence_interval":{"confidence_level":0.95,"lower_bound":89794.67937476869,"upper_bound":91511.358051022},"point_estimate":90571.75272682091,"standard_error":438.8716622480611},"Median":{"confidence_interval":{"confidence_level":0.95,"lower_bound":89426.55064229248,"upper_bound":90632.97653958944},"point_estimate":89660.72017723919,"standard_error":300.50488678967884},"MedianAbsDev":{"confidence_interval":{"confidence_level":0.95,"lower_bound":1648.8658896339325,"upper_bound":2679.847533701198},"point_estimate":2224.9300300588193,"standard_error":258.93528325628387},"Slope":{"confidence_interval":{"confidence_level":0.95,"lower_bound":90324.87014655182,"upper_bound":93600.15349822107},"point_estimate":91703.71188602442,"standard_error":852.6416479909138},"StdDev":{"confidence_interval":{"confidence_level":0.95,"lower_bound":2398.378811818099,"upper_bound":6444.7551548819665},"point_estimate":4421.422325326903,"standard_error":1094.442955178677}}