{"Mean":{"confidence_interval":{"confidence_level":0.95,"lower_bound":165826.22137747798,"upper_bound":173750.61902091262},"point_estimate":169424.26196518738,"standard_error":2033.046250588382},"Median":{"confidence_interval":{"confidence_level":0.95,"lower_bound":163455.83333333334,"upper_bound":164152.05208333334},"point_estimate":163781.40092097444,"standard_error":170.64308700577394},"MedianAbsDev":{"confidence_interval":{"confidence_level":0.95,"lower_bound":1052.6386114725663,"upper_bound":2121.873088561111},"point_estimate":1498.3399615025128,"standard_error":279.2938641426322},"Slope":{"confidence_interval":{"confidence_level":0.95,"lower_bound":163257.01303896485,"upper_bound":164208.26136448127},"point_estimate":163683.93565243093,"standard_error":244.2228929369},"StdDev":{"confidence_interval":{"confidence_level":0.95,"lower_bound":10401.326945134713,"upper_bound":27896.582392329736},"point_estimate":20370.996239634303,"standard_error":4466.518273944754}}