{"Mean":{"confidence_interval":{"confidence_level":0.95,"lower_bound":98690.94718288441,"upper_bound":99678.80041340801},"point_estimate":99171.05983739578,"standard_error":249.63667727886775},"Median":{"confidence_interval":{"confidence_level":0.95,"lower_bound":98614.14946236559,"upper_bound":99381.968001443},"point_estimate":99153.2248159204,"standard_error":167.57524168758667},"MedianAbsDev":{"confidence_interval":{"confidence_level":0.95,"lower_bound":1469.6318760554539,"upper_bound":2548.6226996838373},"point_estimate":2003.722205943227,"standard_error":276.8255461396015},"Slope":{"confidence_interval":{"confidence_level":0.95,"lower_bound":98284.1369279651,"upper_bound":98793.16892942529},"point_estimate":98546.1826691296,"standard_error":129.39336818808752},"StdDev":{"confidence_interval":{"confidence_level":0.95,"lower_bound":1670.786747231832,"upper_bound":3365.559257926262},"point_estimate":2501.015504423708,"standard_error":445.0291334967512}}