{"Mean":{"confidence_interval":{"confidence_level":0.95,"lower_bound":13954450.959487572,"upper_bound":14078253.19340565},"point_estimate":14011402.060419714,"standard_error":31771.733618669696},"Median":{"confidence_interval":{"confidence_level":0.95,"lower_bound":13918980.826086957,"upper_bound":13970159.325423729},"point_estimate":13955339.637019232,"standard_error":13090.672837808654},"MedianAbsDev":{"confidence_interval":{"confidence_level":0.95,"lower_bound":106394.25139164951,"upper_bound":180288.80933923266},"point_estimate":152639.69655650103,"standard_error":18696.81796391808},"Slope":{"confidence_interval":{"confidence_level":0.95,"lower_bound":13957588.606913818,"upper_bound":14064107.23900253},"point_estimate":14009674.365266735,"standard_error":27249.85590618513},"StdDev":{"confidence_interval":{"confidence_level":0.95,"lower_bound":192804.08014531308,"upper_bound":430546.9137965536},"point_estimate":318656.0489886981,"standard_error":61044.64079071054}}