{"Mean":{"confidence_interval":{"confidence_level":0.95,"lower_bound":12570165.086179538,"upper_bound":12762975.616480863},"point_estimate":12663692.40679168,"standard_error":49048.58307562462},"Median":{"confidence_interval":{"confidence_level":0.95,"lower_bound":12381329.506914893,"upper_bound":12625705.840425532},"point_estimate":12486546.047385622,"standard_error":59002.506939756146},"MedianAbsDev":{"confidence_interval":{"confidence_level":0.95,"lower_bound":235332.3367439871,"upper_bound":528714.7866395722},"point_estimate":376108.9850464154,"standard_error":74635.54016607208},"Slope":{"confidence_interval":{"confidence_level":0.95,"lower_bound":12805464.194648417,"upper_bound":13064353.084864056},"point_estimate":12935281.478268066,"standard_error":65965.94842659227},"StdDev":{"confidence_interval":{"confidence_level":0.95,"lower_bound":405958.566993721,"upper_bound":569028.2206759843},"point_estimate":492285.229168164,"standard_error":41637.35482414389}}