{"Mean":{"confidence_interval":{"confidence_level":0.95,"lower_bound":30214703.228178807,"upper_bound":30396210.48482725},"point_estimate":30301329.442475405,"standard_error":46477.07258070303},"Median":{"confidence_interval":{"confidence_level":0.95,"lower_bound":30149521.967432432,"upper_bound":30280100.17647059},"point_estimate":30178286.423317686,"standard_error":23940.318596327146},"MedianAbsDev":{"confidence_interval":{"confidence_level":0.95,"lower_bound":260253.61359411955,"upper_bound":428509.6009698085},"point_estimate":334615.1785285282,"standard_error":40555.99503049578},"Slope":{"confidence_interval":{"confidence_level":0.95,"lower_bound":30203954.56956634,"upper_bound":30379391.170830075},"point_estimate":30287390.922636323,"standard_error":44936.240897568554},"StdDev":{"confidence_interval":{"confidence_level":0.95,"lower_bound":348133.53537778807,"upper_bound":577056.9367157229},"point_estimate":467595.08393404016,"standard_error":58586.91177130539}}