{"Mean":{"confidence_interval":{"confidence_level":0.95,"lower_bound":13971803.08849699,"upper_bound":14150980.932722656},"point_estimate":14051394.345233114,"standard_error":45912.62974358717},"Median":{"confidence_interval":{"confidence_level":0.95,"lower_bound":13901863.931034483,"upper_bound":13952502.125},"point_estimate":13911189.949350648,"standard_error":13031.230085341049},"MedianAbsDev":{"confidence_interval":{"confidence_level":0.95,"lower_bound":98616.41008860411,"upper_bound":170853.99635119818},"point_estimate":131013.3743782991,"standard_error":17551.266331976756},"Slope":{"confidence_interval":{"confidence_level":0.95,"lower_bound":13978338.552776247,"upper_bound":14218732.670783749},"point_estimate":14083352.306711985,"standard_error":61645.590406690804},"StdDev":{"confidence_interval":{"confidence_level":0.95,"lower_bound":216126.60651042763,"upper_bound":673226.685540027},"point_estimate":462379.1523116799,"standard_error":120560.96638963891}}