{"Mean":{"confidence_interval":{"confidence_level":0.95,"lower_bound":10419977.607717946,"upper_bound":10599131.26948925},"point_estimate":10504198.160597952,"standard_error":45724.93698521274},"Median":{"confidence_interval":{"confidence_level":0.95,"lower_bound":10340030.859490987,"upper_bound":10485118.472222222},"point_estimate":10393247.416813381,"standard_error":37396.66908744378},"MedianAbsDev":{"confidence_interval":{"confidence_level":0.95,"lower_bound":225033.39602982794,"upper_bound":386199.4366669048},"point_estimate":297899.22237702133,"standard_error":41169.19725075588},"Slope":{"confidence_interval":{"confidence_level":0.95,"lower_bound":10309633.812493365,"upper_bound":10498292.570646685},"point_estimate":10399783.310084233,"standard_error":48449.14776564423},"StdDev":{"confidence_interval":{"confidence_level":0.95,"lower_bound":315918.27102492674,"upper_bound":613565.3077726794},"point_estimate":459969.73810407665,"standard_error":79363.33187450551}}