{"Mean":{"confidence_interval":{"confidence_level":0.95,"lower_bound":28127590.35769926,"upper_bound":28628522.607105773},"point_estimate":28373082.792141646,"standard_error":128048.38773576915},"Median":{"confidence_interval":{"confidence_level":0.95,"lower_bound":28092749.928983714,"upper_bound":28539525.109615386},"point_estimate":28322500.50694043,"standard_error":103109.76630067617},"MedianAbsDev":{"confidence_interval":{"confidence_level":0.95,"lower_bound":829755.7039269878,"upper_bound":1502374.2818202965},"point_estimate":1096581.3139405923,"standard_error":166302.7395216707},"Slope":{"confidence_interval":{"confidence_level":0.95,"lower_bound":28468687.03591484,"upper_bound":28843846.61171214},"point_estimate":28650063.696426775,"standard_error":95853.97872967356},"StdDev":{"confidence_interval":{"confidence_level":0.95,"lower_bound":1062803.5244578172,"upper_bound":1491085.385929444},"point_estimate":1290203.2491675608,"standard_error":109973.55461843526}}