{"Mean":{"confidence_interval":{"confidence_level":0.95,"lower_bound":-0.3501048792041346,"upper_bound":-0.18357793645809095},"point_estimate":-0.27056444587405104,"standard_error":0.04271712021447808},"Median":{"confidence_interval":{"confidence_level":0.95,"lower_bound":0.005541476469999251,"upper_bound":0.04104970563745935},"point_estimate":0.034803228909815465,"standard_error":0.012017860541067614}}