{"Mean":{"confidence_interval":{"confidence_level":0.95,"lower_bound":-0.1439728760173834,"upper_bound":-0.1207105388216876},"point_estimate":-0.13197184392861705,"standard_error":0.005925020476145226},"Median":{"confidence_interval":{"confidence_level":0.95,"lower_bound":-0.1318252114862999,"upper_bound":-0.12596014706160774},"point_estimate":-0.12842536556594586,"standard_error":0.001447199780144233}}