{"Mean":{"confidence_interval":{"confidence_level":0.95,"lower_bound":0.09989944256504817,"upper_bound":0.12322691690954057},"point_estimate":0.11008443796905998,"standard_error":0.005879492741896135},"Median":{"confidence_interval":{"confidence_level":0.95,"lower_bound":0.09584236201306295,"upper_bound":0.10065687233748721},"point_estimate":0.09869836325363002,"standard_error":0.0012488855993245287}}