{"Mean":{"confidence_interval":{"confidence_level":0.95,"lower_bound":-0.13584307300240364,"upper_bound":-0.12783783510364902},"point_estimate":-0.13180080637365443,"standard_error":0.002043526221977565},"Median":{"confidence_interval":{"confidence_level":0.95,"lower_bound":-0.1342030944016891,"upper_bound":-0.1297217840058682},"point_estimate":-0.132527684910011,"standard_error":0.0011379863692816284}}