{"Mean":{"confidence_interval":{"confidence_level":0.95,"lower_bound":0.025710721167566078,"upper_bound":0.05033980666412249},"point_estimate":0.0372844952200686,"standard_error":0.006264862860468808},"Median":{"confidence_interval":{"confidence_level":0.95,"lower_bound":0.015958682268662594,"upper_bound":0.03913580288531171},"point_estimate":0.023263405697885542,"standard_error":0.0053004348248501445}}