{"Mean":{"confidence_interval":{"confidence_level":0.95,"lower_bound":-0.2421816988742926,"upper_bound":-0.22337541361409155},"point_estimate":-0.23158047549646144,"standard_error":0.004844868423433918},"Median":{"confidence_interval":{"confidence_level":0.95,"lower_bound":-0.2353645156659121,"upper_bound":-0.22152058859638157},"point_estimate":-0.2320145309874243,"standard_error":0.0036908261606395823}}