{"Mean":{"confidence_interval":{"confidence_level":0.95,"lower_bound":-0.2075739382613102,"upper_bound":0.04067734379611191},"point_estimate":-0.08753835357267403,"standard_error":0.06336796840938548},"Median":{"confidence_interval":{"confidence_level":0.95,"lower_bound":0.045827134331886565,"upper_bound":0.11528835115120269},"point_estimate":0.078149477787818,"standard_error":0.017045077616074458}}