{"Mean":{"confidence_interval":{"confidence_level":0.95,"lower_bound":-0.061861179239447533,"upper_bound":0.031795140525364335},"point_estimate":-0.0155016569638885,"standard_error":0.02394497589627321},"Median":{"confidence_interval":{"confidence_level":0.95,"lower_bound":-0.03149678250776522,"upper_bound":0.03042675086968538},"point_estimate":-0.0034946065668906012,"standard_error":0.015504130297511014}}