{"Mean":{"confidence_interval":{"confidence_level":0.95,"lower_bound":-0.020766925028152826,"upper_bound":0.0583591107845053},"point_estimate":0.01739340749493823,"standard_error":0.02023187480515851},"Median":{"confidence_interval":{"confidence_level":0.95,"lower_bound":-0.010421861353414049,"upper_bound":0.03891277105157487},"point_estimate":0.007024564957030188,"standard_error":0.013058146693716932}}