{"Mean":{"confidence_interval":{"confidence_level":0.95,"lower_bound":-0.05435715643652256,"upper_bound":0.12348752401430763},"point_estimate":0.014074872552324091,"standard_error":0.04864856099552588},"Median":{"confidence_interval":{"confidence_level":0.95,"lower_bound":-0.0369114785681639,"upper_bound":0.013519938025796397},"point_estimate":-0.018662901460673953,"standard_error":0.013158018248698772}}