{"Mean":{"confidence_interval":{"confidence_level":0.95,"lower_bound":-0.07923287277835986,"upper_bound":0.016416637903966892},"point_estimate":-0.03598575550784622,"standard_error":0.024353038037916053},"Median":{"confidence_interval":{"confidence_level":0.95,"lower_bound":-0.06963201206492364,"upper_bound":-0.014510417492944948},"point_estimate":-0.031734956940073666,"standard_error":0.014345187133018094}}