{"Mean":{"confidence_interval":{"confidence_level":0.95,"lower_bound":-0.025627629217103917,"upper_bound":0.07000698046174941},"point_estimate":0.021837972624185742,"standard_error":0.02388124600885719},"Median":{"confidence_interval":{"confidence_level":0.95,"lower_bound":-0.003696673969611708,"upper_bound":0.04509947864430219},"point_estimate":0.015340950514745488,"standard_error":0.013013601256699026}}