{"Mean":{"confidence_interval":{"confidence_level":0.95,"lower_bound":-0.06466371894842333,"upper_bound":0.0055006794792048855},"point_estimate":-0.02991068095717697,"standard_error":0.017821970396340564},"Median":{"confidence_interval":{"confidence_level":0.95,"lower_bound":-0.04776514964085876,"upper_bound":0.0019479656791339117},"point_estimate":-0.021843528137367674,"standard_error":0.012201442584617774}}