{"Mean":{"confidence_interval":{"confidence_level":0.95,"lower_bound":0.014228028430970478,"upper_bound":0.3233723983253337},"point_estimate":0.16048259973433998,"standard_error":0.08206066914460765},"Median":{"confidence_interval":{"confidence_level":0.95,"lower_bound":-0.07464683324475829,"upper_bound":-0.018625025311181598},"point_estimate":-0.04570298726484401,"standard_error":0.01415302563088905}}