{"Mean":{"confidence_interval":{"confidence_level":0.95,"lower_bound":-0.019247004006163113,"upper_bound":0.0691857514236757},"point_estimate":0.025789656545318174,"standard_error":0.02241121459642162},"Median":{"confidence_interval":{"confidence_level":0.95,"lower_bound":-0.012109425655487083,"upper_bound":0.04458841797717472},"point_estimate":0.016664762893851437,"standard_error":0.014182715920292657}}