{"Mean":{"confidence_interval":{"confidence_level":0.95,"lower_bound":-0.03606992677941183,"upper_bound":0.0503346725622771},"point_estimate":0.007214679108953792,"standard_error":0.022113924195993014},"Median":{"confidence_interval":{"confidence_level":0.95,"lower_bound":-0.03289762432553467,"upper_bound":0.0259466620132682},"point_estimate":-0.008115746594187678,"standard_error":0.01482772318418476}}