{"Mean":{"confidence_interval":{"confidence_level":0.95,"lower_bound":0.14739414512059199,"upper_bound":0.31461229318482764},"point_estimate":0.2258504337235241,"standard_error":0.042432910044921994},"Median":{"confidence_interval":{"confidence_level":0.95,"lower_bound":0.12616424690660177,"upper_bound":0.20040176782927605},"point_estimate":0.1681898980037546,"standard_error":0.019888257059080178}}