{"Mean":{"confidence_interval":{"confidence_level":0.95,"lower_bound":-0.1353560408247626,"upper_bound":0.0266149950269583},"point_estimate":-0.0414667012763108,"standard_error":0.04398813563601986},"Median":{"confidence_interval":{"confidence_level":0.95,"lower_bound":-0.034598893414697796,"upper_bound":0.01609111347309189},"point_estimate":-0.0003432089105265268,"standard_error":0.01313638007881949}}