{"Mean":{"confidence_interval":{"confidence_level":0.95,"lower_bound":-0.08288757390188889,"upper_bound":0.020358523183041877},"point_estimate":-0.034528180435971834,"standard_error":0.026460664792071334},"Median":{"confidence_interval":{"confidence_level":0.95,"lower_bound":-0.049572054114773945,"upper_bound":0.009701605722604034},"point_estimate":-0.016901957512270194,"standard_error":0.014884683475705296}}