{"Mean":{"confidence_interval":{"confidence_level":0.95,"lower_bound":1461548.885137383,"upper_bound":1554909.1127850804},"point_estimate":1509404.9199111802,"standard_error":23752.3860292536},"Median":{"confidence_interval":{"confidence_level":0.95,"lower_bound":1476535.8459643805,"upper_bound":1532583.1743414993},"point_estimate":1501415.2859848486,"standard_error":14073.997277113145},"MedianAbsDev":{"confidence_interval":{"confidence_level":0.95,"lower_bound":86459.6995439547,"upper_bound":173027.58482553827},"point_estimate":122692.38119291146,"standard_error":21366.811148931472},"Slope":{"confidence_interval":{"confidence_level":0.95,"lower_bound":1502080.3131344663,"upper_bound":1554413.7221309452},"point_estimate":1526983.600732969,"standard_error":13419.799143000542},"StdDev":{"confidence_interval":{"confidence_level":0.95,"lower_bound":171269.4980578126,"upper_bound":300688.76896186284},"point_estimate":239843.74190944456,"standard_error":33184.51684256444}}