{"Mean":{"confidence_interval":{"confidence_level":0.95,"lower_bound":1528680.7761710335,"upper_bound":1620922.4652820968},"point_estimate":1575551.1769217437,"standard_error":23541.188757152824},"Median":{"confidence_interval":{"confidence_level":0.95,"lower_bound":1548341.576984127,"upper_bound":1615651.1153846155},"point_estimate":1580800.7035714285,"standard_error":16438.885241334654},"MedianAbsDev":{"confidence_interval":{"confidence_level":0.95,"lower_bound":121865.86295425628,"upper_bound":209768.4349810907},"point_estimate":154200.66763693633,"standard_error":23732.46395803609},"Slope":{"confidence_interval":{"confidence_level":0.95,"lower_bound":1559809.0984081593,"upper_bound":1627219.643899412},"point_estimate":1592706.8101788089,"standard_error":17271.735494310735},"StdDev":{"confidence_interval":{"confidence_level":0.95,"lower_bound":183052.40785256666,"upper_bound":283779.1502095443},"point_estimate":236218.5277268094,"standard_error":25817.367464277}}