{"Mean":{"confidence_interval":{"confidence_level":0.95,"lower_bound":1435756.4337638407,"upper_bound":1691145.9938568408},"point_estimate":1531118.048336786,"standard_error":71209.09069875833},"Median":{"confidence_interval":{"confidence_level":0.95,"lower_bound":1445417.5714285714,"upper_bound":1501633.5},"point_estimate":1467570.5356811862,"standard_error":13310.076954593666},"MedianAbsDev":{"confidence_interval":{"confidence_level":0.95,"lower_bound":95987.21435495444,"upper_bound":158722.7519038125},"point_estimate":135140.97888594045,"standard_error":15468.000624334965},"Slope":{"confidence_interval":{"confidence_level":0.95,"lower_bound":1466444.2183314825,"upper_bound":1528386.3934004414},"point_estimate":1495562.4573725432,"standard_error":15790.520208475931},"StdDev":{"confidence_interval":{"confidence_level":0.95,"lower_bound":138238.1978647548,"upper_bound":1210231.4465519774},"point_estimate":716213.4909649751,"standard_error":366778.2329101845}}