{"Mean":{"confidence_interval":{"confidence_level":0.95,"lower_bound":1527739.3567696512,"upper_bound":1651480.2029869857},"point_estimate":1588002.4557633419,"standard_error":31637.853243995833},"Median":{"confidence_interval":{"confidence_level":0.95,"lower_bound":1510798.2789115645,"upper_bound":1565104.1931003584},"point_estimate":1532584.214985745,"standard_error":14983.440590488208},"MedianAbsDev":{"confidence_interval":{"confidence_level":0.95,"lower_bound":98949.13954854653,"upper_bound":171427.7173962587},"point_estimate":127473.05495471954,"standard_error":19280.951066874677},"Slope":{"confidence_interval":{"confidence_level":0.95,"lower_bound":1520992.572283697,"upper_bound":1584682.1981035112},"point_estimate":1551496.6368878381,"standard_error":16345.755756932875},"StdDev":{"confidence_interval":{"confidence_level":0.95,"lower_bound":226346.6469705877,"upper_bound":399084.8257472823},"point_estimate":317161.5213210129,"standard_error":44268.76348980619}}