{"Mean":{"confidence_interval":{"confidence_level":0.95,"lower_bound":1442102.453633667,"upper_bound":1571159.0628612814},"point_estimate":1499677.6456928584,"standard_error":32913.36358974791},"Median":{"confidence_interval":{"confidence_level":0.95,"lower_bound":1462190.5104017216,"upper_bound":1518815.8918918918},"point_estimate":1489573.0523809525,"standard_error":12884.46717128238},"MedianAbsDev":{"confidence_interval":{"confidence_level":0.95,"lower_bound":76284.93374960418,"upper_bound":150030.94411283112},"point_estimate":98499.63587902415,"standard_error":18410.63240322603},"Slope":{"confidence_interval":{"confidence_level":0.95,"lower_bound":1474822.44534465,"upper_bound":1533462.3444592182},"point_estimate":1501485.0384099307,"standard_error":14954.943138041866},"StdDev":{"confidence_interval":{"confidence_level":0.95,"lower_bound":164914.1445157475,"upper_bound":502745.9439992671},"point_estimate":330429.0845164203,"standard_error":99761.5210835311}}