{"Mean":{"confidence_interval":{"confidence_level":0.95,"lower_bound":1441562.7046781133,"upper_bound":1493715.5518079083},"point_estimate":1467627.6336076364,"standard_error":13332.532664043541},"Median":{"confidence_interval":{"confidence_level":0.95,"lower_bound":1434972.275522388,"upper_bound":1480172.7572156196},"point_estimate":1467066.8523965143,"standard_error":13529.423733240803},"MedianAbsDev":{"confidence_interval":{"confidence_level":0.95,"lower_bound":67637.35011431693,"upper_bound":111372.81254047135},"point_estimate":88231.8571826852,"standard_error":11591.99355013447},"Slope":{"confidence_interval":{"confidence_level":0.95,"lower_bound":1453653.949200702,"upper_bound":1512623.0835188844},"point_estimate":1482061.565724841,"standard_error":15108.415074984372},"StdDev":{"confidence_interval":{"confidence_level":0.95,"lower_bound":107571.33855840199,"upper_bound":157408.5153691794},"point_estimate":133813.213761239,"standard_error":12744.98477788618}}