{"Mean":{"confidence_interval":{"confidence_level":0.95,"lower_bound":8775241.586957093,"upper_bound":8827048.391914196},"point_estimate":8800118.996253237,"standard_error":13231.850379356256},"Median":{"confidence_interval":{"confidence_level":0.95,"lower_bound":8760799.03559484,"upper_bound":8788271.465961665},"point_estimate":8772126.111538462,"standard_error":6795.968918724648},"MedianAbsDev":{"confidence_interval":{"confidence_level":0.95,"lower_bound":51784.30532320136,"upper_bound":95423.24333421396},"point_estimate":72199.05341821045,"standard_error":11101.054828654713},"Slope":{"confidence_interval":{"confidence_level":0.95,"lower_bound":8776611.933491178,"upper_bound":8852180.879460966},"point_estimate":8812936.446179992,"standard_error":19303.696177559632},"StdDev":{"confidence_interval":{"confidence_level":0.95,"lower_bound":101373.49690596129,"upper_bound":161122.65618133094},"point_estimate":132497.3275747896,"standard_error":15241.060534472637}}