{"Mean":{"confidence_interval":{"confidence_level":0.95,"lower_bound":245896.3126751161,"upper_bound":251116.73662955238},"point_estimate":248293.8294317463,"standard_error":1330.1393441367},"Median":{"confidence_interval":{"confidence_level":0.95,"lower_bound":244149.24337121213,"upper_bound":246752.6218971631},"point_estimate":245578.13032473144,"standard_error":625.4804556232802},"MedianAbsDev":{"confidence_interval":{"confidence_level":0.95,"lower_bound":3399.768141984156,"upper_bound":5961.953681654161},"point_estimate":4739.901598687716,"standard_error":665.0844707412945},"Slope":{"confidence_interval":{"confidence_level":0.95,"lower_bound":247905.19144300156,"upper_bound":253272.08669778664},"point_estimate":250401.0530042855,"standard_error":1373.1647803418089},"StdDev":{"confidence_interval":{"confidence_level":0.95,"lower_bound":7878.8350854900555,"upper_bound":17724.993938269643},"point_estimate":13294.660880691981,"standard_error":2539.073804902611}}