{"Mean":{"confidence_interval":{"confidence_level":0.95,"lower_bound":19674578.82001949,"upper_bound":20168371.678621966},"point_estimate":19902955.737477124,"standard_error":126462.13027228328},"Median":{"confidence_interval":{"confidence_level":0.95,"lower_bound":19324531.625,"upper_bound":19766100.55331992},"point_estimate":19523894.014905147,"standard_error":126295.8376316427},"MedianAbsDev":{"confidence_interval":{"confidence_level":0.95,"lower_bound":416236.3652653929,"upper_bound":774827.3010034072},"point_estimate":569291.5846256835,"standard_error":94796.53186478539},"Slope":{"confidence_interval":{"confidence_level":0.95,"lower_bound":19644720.48002644,"upper_bound":20010745.062343284},"point_estimate":19811023.47633811,"standard_error":93355.93490332623},"StdDev":{"confidence_interval":{"confidence_level":0.95,"lower_bound":787865.407767436,"upper_bound":1710291.697117104},"point_estimate":1279673.2360644054,"standard_error":236687.58639660833}}