{"Mean":{"confidence_interval":{"confidence_level":0.95,"lower_bound":10945950.876184704,"upper_bound":11391744.36482595},"point_estimate":11114009.066657024,"standard_error":120401.68934550036},"Median":{"confidence_interval":{"confidence_level":0.95,"lower_bound":10863966.25,"upper_bound":10948552.431046195},"point_estimate":10905720.54032258,"standard_error":19883.96935835253},"MedianAbsDev":{"confidence_interval":{"confidence_level":0.95,"lower_bound":111906.54790002666,"upper_bound":194324.082030059},"point_estimate":163301.79997697825,"standard_error":21220.410924379787},"Slope":{"confidence_interval":{"confidence_level":0.95,"lower_bound":10884680.715339584,"upper_bound":11591622.475391855},"point_estimate":11138438.244575145,"standard_error":193815.291373265},"StdDev":{"confidence_interval":{"confidence_level":0.95,"lower_bound":246984.57389463464,"upper_bound":2014878.9313765925},"point_estimate":1207566.8158067693,"standard_error":578331.155869008}}