{"Mean":{"confidence_interval":{"confidence_level":0.95,"lower_bound":19829663.113517758,"upper_bound":20186554.74330553},"point_estimate":19999090.89804239,"standard_error":91019.08147713207},"Median":{"confidence_interval":{"confidence_level":0.95,"lower_bound":19580936.996031746,"upper_bound":19817478.414141413},"point_estimate":19651054.558517158,"standard_error":65926.63516828077},"MedianAbsDev":{"confidence_interval":{"confidence_level":0.95,"lower_bound":279643.65069442877,"upper_bound":548266.8981940508},"point_estimate":374981.3763642762,"standard_error":65909.14919044645},"Slope":{"confidence_interval":{"confidence_level":0.95,"lower_bound":19899100.63943511,"upper_bound":20378507.708546933},"point_estimate":20124891.294257425,"standard_error":122599.43294216313},"StdDev":{"confidence_interval":{"confidence_level":0.95,"lower_bound":659148.0431145595,"upper_bound":1132899.101774333},"point_estimate":915115.3501090303,"standard_error":121046.34791337998}}