{"Mean":{"confidence_interval":{"confidence_level":0.95,"lower_bound":26944998.73457737,"upper_bound":27467938.658056024},"point_estimate":27195705.150170695,"standard_error":133596.62762644922},"Median":{"confidence_interval":{"confidence_level":0.95,"lower_bound":26349415.666666668,"upper_bound":27003790.103092782},"point_estimate":26663647.458333336,"standard_error":175286.90763028606},"MedianAbsDev":{"confidence_interval":{"confidence_level":0.95,"lower_bound":424872.402443964,"upper_bound":1173391.5938377168},"point_estimate":759253.5562644755,"standard_error":204436.3454333222},"Slope":{"confidence_interval":{"confidence_level":0.95,"lower_bound":27387483.414282262,"upper_bound":28101170.274872154},"point_estimate":27733585.298670016,"standard_error":182308.99151708302},"StdDev":{"confidence_interval":{"confidence_level":0.95,"lower_bound":1059329.8892332907,"upper_bound":1601009.5920220946},"point_estimate":1343923.72178244,"standard_error":138326.87320602674}}