{"Mean":{"confidence_interval":{"confidence_level":0.95,"lower_bound":10685029.479114328,"upper_bound":10774841.410824928},"point_estimate":10728207.682959134,"standard_error":22918.608022900684},"Median":{"confidence_interval":{"confidence_level":0.95,"lower_bound":10621799.748447206,"upper_bound":10693130.846153846},"point_estimate":10645457.06779661,"standard_error":15727.204951169924},"MedianAbsDev":{"confidence_interval":{"confidence_level":0.95,"lower_bound":98422.80089963715,"upper_bound":197574.10886244418},"point_estimate":137374.93276409234,"standard_error":24974.58824313084},"Slope":{"confidence_interval":{"confidence_level":0.95,"lower_bound":10624442.09917657,"upper_bound":10733020.669660937},"point_estimate":10675553.579846313,"standard_error":27649.046519469117},"StdDev":{"confidence_interval":{"confidence_level":0.95,"lower_bound":177448.58631182453,"upper_bound":285207.3866111163},"point_estimate":230342.1310969133,"standard_error":27972.087884412562}}