{"Mean":{"confidence_interval":{"confidence_level":0.95,"lower_bound":10196518.741430389,"upper_bound":10406572.387683148},"point_estimate":10296498.111522531,"standard_error":53659.99858165507},"Median":{"confidence_interval":{"confidence_level":0.95,"lower_bound":10049855.623737372,"upper_bound":10202091.333333334},"point_estimate":10091115.980844155,"standard_error":38372.42408483068},"MedianAbsDev":{"confidence_interval":{"confidence_level":0.95,"lower_bound":214643.7610743996,"upper_bound":427760.6617897808},"point_estimate":308091.9477474918,"standard_error":52688.65816146313},"Slope":{"confidence_interval":{"confidence_level":0.95,"lower_bound":10330146.249068754,"upper_bound":10565084.442449896},"point_estimate":10447587.088804493,"standard_error":60119.509180273286},"StdDev":{"confidence_interval":{"confidence_level":0.95,"lower_bound":393926.6626549641,"upper_bound":674345.5073773691},"point_estimate":541352.7633294432,"standard_error":71556.45304790784}}