{"Mean":{"confidence_interval":{"confidence_level":0.95,"lower_bound":13931298.301877968,"upper_bound":14090684.87277442},"point_estimate":14005496.74713839,"standard_error":40612.47781087126},"Median":{"confidence_interval":{"confidence_level":0.95,"lower_bound":13852133.789473685,"upper_bound":13932761.363636363},"point_estimate":13887853.934452094,"standard_error":19644.33708340604},"MedianAbsDev":{"confidence_interval":{"confidence_level":0.95,"lower_bound":143604.15822426727,"upper_bound":246476.88410246713},"point_estimate":199268.62583750577,"standard_error":25744.375303201065},"Slope":{"confidence_interval":{"confidence_level":0.95,"lower_bound":14010873.5597365,"upper_bound":14205702.943193382},"point_estimate":14101335.959190188,"standard_error":49861.80729838091},"StdDev":{"confidence_interval":{"confidence_level":0.95,"lower_bound":269966.86555453565,"upper_bound":531076.3084314276},"point_estimate":406838.93340253015,"standard_error":67315.45984602881}}