{"Mean":{"confidence_interval":{"confidence_level":0.95,"lower_bound":25480525.277715467,"upper_bound":25934838.85092966},"point_estimate":25692515.939715315,"standard_error":115963.10202612993},"Median":{"confidence_interval":{"confidence_level":0.95,"lower_bound":25190111.62383901,"upper_bound":25480675.344827585},"point_estimate":25344783.882324994,"standard_error":71349.71658179264},"MedianAbsDev":{"confidence_interval":{"confidence_level":0.95,"lower_bound":439810.7546664495,"upper_bound":775172.0913098194},"point_estimate":598915.6135240329,"standard_error":90739.26917517954},"Slope":{"confidence_interval":{"confidence_level":0.95,"lower_bound":25743559.984748963,"upper_bound":26380742.65688536},"point_estimate":26048189.440933943,"standard_error":162920.138471424},"StdDev":{"confidence_interval":{"confidence_level":0.95,"lower_bound":797385.8719414194,"upper_bound":1481028.1779514393},"point_estimate":1160002.786171996,"standard_error":174507.22470310557}}