{"Mean":{"confidence_interval":{"confidence_level":0.95,"lower_bound":30007612.08690083,"upper_bound":30236981.516817775},"point_estimate":30112209.024681516,"standard_error":58755.44333186528},"Median":{"confidence_interval":{"confidence_level":0.95,"lower_bound":29853753.75,"upper_bound":30074734.829787236},"point_estimate":29948670.9679676,"standard_error":52287.59085870856},"MedianAbsDev":{"confidence_interval":{"confidence_level":0.95,"lower_bound":201484.21690865248,"upper_bound":383090.0958198203},"point_estimate":294341.9769956476,"standard_error":42222.62026769889},"Slope":{"confidence_interval":{"confidence_level":0.95,"lower_bound":29980202.740081634,"upper_bound":30137741.05838559},"point_estimate":30054896.28335156,"standard_error":40349.06430271399},"StdDev":{"confidence_interval":{"confidence_level":0.95,"lower_bound":339168.42375889496,"upper_bound":803760.3375364174},"point_estimate":588230.7077195899,"standard_error":119375.75209136608}}