{"Mean":{"confidence_interval":{"confidence_level":0.95,"lower_bound":13909884.354506513,"upper_bound":14014925.972465927},"point_estimate":13960195.10911135,"standard_error":26789.315008891786},"Median":{"confidence_interval":{"confidence_level":0.95,"lower_bound":13838156.068181818,"upper_bound":13911947.268292682},"point_estimate":13876765.555555556,"standard_error":20097.12904350608},"MedianAbsDev":{"confidence_interval":{"confidence_level":0.95,"lower_bound":107404.8612458137,"upper_bound":205145.29013094373},"point_estimate":151821.937830776,"standard_error":24788.342010778433},"Slope":{"confidence_interval":{"confidence_level":0.95,"lower_bound":13886628.128311938,"upper_bound":14007037.970568722},"point_estimate":13944501.859982267,"standard_error":30789.171074169524},"StdDev":{"confidence_interval":{"confidence_level":0.95,"lower_bound":207975.1099804265,"upper_bound":323020.3235795086},"point_estimate":269473.16383222456,"standard_error":29359.442060416568}}