{"Mean":{"confidence_interval":{"confidence_level":0.95,"lower_bound":12469144.364862964,"upper_bound":13055458.366523443},"point_estimate":12684786.51204919,"standard_error":164727.70976177003},"Median":{"confidence_interval":{"confidence_level":0.95,"lower_bound":12366675.727272727,"upper_bound":12495976.457142856},"point_estimate":12396718.799196787,"standard_error":33711.963953801926},"MedianAbsDev":{"confidence_interval":{"confidence_level":0.95,"lower_bound":166107.3133131403,"upper_bound":337060.28124545695},"point_estimate":249191.34497051133,"standard_error":44420.05173799776},"Slope":{"confidence_interval":{"confidence_level":0.95,"lower_bound":12492478.048493456,"upper_bound":13004698.138055593},"point_estimate":12689625.830758091,"standard_error":135369.74144841806},"StdDev":{"confidence_interval":{"confidence_level":0.95,"lower_bound":299210.77266418433,"upper_bound":2795180.349795975},"point_estimate":1655331.0917335479,"standard_error":862041.1508315721}}