{"Mean":{"confidence_interval":{"confidence_level":0.95,"lower_bound":166554.2041623007,"upper_bound":169318.8926682457},"point_estimate":167807.5480408919,"standard_error":707.4594552406617},"Median":{"confidence_interval":{"confidence_level":0.95,"lower_bound":165214.26775956285,"upper_bound":166180.5707070707},"point_estimate":165708.61041451962,"standard_error":235.1605607366885},"MedianAbsDev":{"confidence_interval":{"confidence_level":0.95,"lower_bound":1523.486967114844,"upper_bound":3051.472013061921},"point_estimate":2141.143628931919,"standard_error":376.9814121540119},"Slope":{"confidence_interval":{"confidence_level":0.95,"lower_bound":164686.41733992315,"upper_bound":165523.07865896542},"point_estimate":165060.4884631299,"standard_error":212.7821013317327},"StdDev":{"confidence_interval":{"confidence_level":0.95,"lower_bound":3337.607472568903,"upper_bound":9882.216700948102},"point_estimate":7119.606411215903,"standard_error":1600.15198874841}}