{"Mean":{"confidence_interval":{"confidence_level":0.95,"lower_bound":119457.59552271123,"upper_bound":121072.70711058566},"point_estimate":120175.003963536,"standard_error":414.4471444580747},"Median":{"confidence_interval":{"confidence_level":0.95,"lower_bound":119521.43434343435,"upper_bound":119767.51449275362},"point_estimate":119670.74696709093,"standard_error":78.47129829315587},"MedianAbsDev":{"confidence_interval":{"confidence_level":0.95,"lower_bound":569.9128129814477,"upper_bound":1228.6489018908171},"point_estimate":782.0541283996403,"standard_error":171.51829022953868},"Slope":{"confidence_interval":{"confidence_level":0.95,"lower_bound":119678.01102397936,"upper_bound":122486.74128415414},"point_estimate":120893.3992332069,"standard_error":727.6500917978475},"StdDev":{"confidence_interval":{"confidence_level":0.95,"lower_bound":1836.4904836354833,"upper_bound":6133.205320435195},"point_estimate":4167.95312182408,"standard_error":1137.7570651569235}}