{"Mean":{"confidence_interval":{"confidence_level":0.95,"lower_bound":250159.30242310252,"upper_bound":251749.70702997013},"point_estimate":250898.60131547006,"standard_error":403.6926782626834},"Median":{"confidence_interval":{"confidence_level":0.95,"lower_bound":249436.76428571428,"upper_bound":250474.45945945947},"point_estimate":250032.38270416023,"standard_error":266.51481083592245},"MedianAbsDev":{"confidence_interval":{"confidence_level":0.95,"lower_bound":1394.1382023936508,"upper_bound":2801.6743224906722},"point_estimate":2013.0906559676782,"standard_error":353.1023677359086},"Slope":{"confidence_interval":{"confidence_level":0.95,"lower_bound":249867.75119908818,"upper_bound":252309.80614043618},"point_estimate":251069.17226171124,"standard_error":623.1834868756665},"StdDev":{"confidence_interval":{"confidence_level":0.95,"lower_bound":2567.232510489853,"upper_bound":5645.883833319311},"point_estimate":4053.0906150966357,"standard_error":832.0446746723427}}