{"Mean":{"confidence_interval":{"confidence_level":0.95,"lower_bound":94544.93170536861,"upper_bound":96058.36710838912},"point_estimate":95245.90230226694,"standard_error":387.0541158480896},"Median":{"confidence_interval":{"confidence_level":0.95,"lower_bound":94168.80877742947,"upper_bound":94769.87995337995},"point_estimate":94395.4891457516,"standard_error":157.33902250199588},"MedianAbsDev":{"confidence_interval":{"confidence_level":0.95,"lower_bound":863.2527667108303,"upper_bound":1539.0269290198414},"point_estimate":1210.6867397644198,"standard_error":172.94621275088085},"Slope":{"confidence_interval":{"confidence_level":0.95,"lower_bound":93840.80260319216,"upper_bound":95062.33972135924},"point_estimate":94436.24237140131,"standard_error":310.5812265611961},"StdDev":{"confidence_interval":{"confidence_level":0.95,"lower_bound":2416.1683418127386,"upper_bound":5055.712965681292},"point_estimate":3856.256966792286,"standard_error":671.6940087467416}}