{"Mean":{"confidence_interval":{"confidence_level":0.95,"lower_bound":261129.61010462616,"upper_bound":265332.7287162451},"point_estimate":263130.6426738184,"standard_error":1075.1021496889261},"Median":{"confidence_interval":{"confidence_level":0.95,"lower_bound":259954.44,"upper_bound":264505.206185567},"point_estimate":262405.70628930815,"standard_error":985.19709929695},"MedianAbsDev":{"confidence_interval":{"confidence_level":0.95,"lower_bound":5904.1427122259565,"upper_bound":10707.771458595498},"point_estimate":7364.685327093991,"standard_error":1277.8173930239814},"Slope":{"confidence_interval":{"confidence_level":0.95,"lower_bound":258066.0398700549,"upper_bound":265465.41712780274},"point_estimate":261518.73840623614,"standard_error":1894.070315317569},"StdDev":{"confidence_interval":{"confidence_level":0.95,"lower_bound":7780.191286048559,"upper_bound":13658.999636256918},"point_estimate":10829.801800165642,"standard_error":1513.9484995411021}}