{"Mean":{"confidence_interval":{"confidence_level":0.95,"lower_bound":222689.35509892102,"upper_bound":224600.2283367873},"point_estimate":223557.0687631427,"standard_error":490.52272012806816},"Median":{"confidence_interval":{"confidence_level":0.95,"lower_bound":222002.7027027027,"upper_bound":222732.9275},"point_estimate":222337.50225274725,"standard_error":195.53989089732787},"MedianAbsDev":{"confidence_interval":{"confidence_level":0.95,"lower_bound":977.7328948433877,"upper_bound":1881.1701566019308},"point_estimate":1252.2074046176735,"standard_error":236.70923233053298},"Slope":{"confidence_interval":{"confidence_level":0.95,"lower_bound":222754.63050038295,"upper_bound":225545.96600081777},"point_estimate":224042.03284646076,"standard_error":712.6100694692225},"StdDev":{"confidence_interval":{"confidence_level":0.95,"lower_bound":2593.7537007961646,"upper_bound":6989.638666160196},"point_estimate":4941.238038367305,"standard_error":1138.872416645218}}