{"Mean":{"confidence_interval":{"confidence_level":0.95,"lower_bound":251091.1829214985,"upper_bound":261019.7934200365},"point_estimate":255733.01908362165,"standard_error":2538.1475936207094},"Median":{"confidence_interval":{"confidence_level":0.95,"lower_bound":245842.46323529413,"upper_bound":249983.0},"point_estimate":246544.7406517094,"standard_error":1103.498709060835},"MedianAbsDev":{"confidence_interval":{"confidence_level":0.95,"lower_bound":4441.462768875536,"upper_bound":11115.454701345428},"point_estimate":7490.817230190768,"standard_error":1794.225901305545},"Slope":{"confidence_interval":{"confidence_level":0.95,"lower_bound":257135.93043410155,"upper_bound":271281.4014032386},"point_estimate":263678.25667799613,"standard_error":3618.2733880070805},"StdDev":{"confidence_interval":{"confidence_level":0.95,"lower_bound":16955.359397786277,"upper_bound":33211.016370337915},"point_estimate":25548.739771048993,"standard_error":4160.211363606012}}