{"Mean":{"confidence_interval":{"confidence_level":0.95,"lower_bound":10716200.122187043,"upper_bound":10962100.42669054},"point_estimate":10814070.076370113,"standard_error":64630.11503372412},"Median":{"confidence_interval":{"confidence_level":0.95,"lower_bound":10626970.226262625,"upper_bound":10691130.085714286},"point_estimate":10657474.155641027,"standard_error":16915.685317579497},"MedianAbsDev":{"confidence_interval":{"confidence_level":0.95,"lower_bound":64070.56542680633,"upper_bound":153658.34136657842},"point_estimate":105027.90901783823,"standard_error":23471.144696138923},"Slope":{"confidence_interval":{"confidence_level":0.95,"lower_bound":10677984.705680665,"upper_bound":10765467.96443541},"point_estimate":10718790.796477022,"standard_error":22440.292242515738},"StdDev":{"confidence_interval":{"confidence_level":0.95,"lower_bound":175687.09404345445,"upper_bound":1067511.2935123579},"point_estimate":652713.800737557,"standard_error":277743.79067644535}}