{"Mean":{"confidence_interval":{"confidence_level":0.95,"lower_bound":10799880.044845417,"upper_bound":10863338.169613209},"point_estimate":10830257.379703913,"standard_error":16216.343482415974},"Median":{"confidence_interval":{"confidence_level":0.95,"lower_bound":10774136.563829787,"upper_bound":10872483.50840336},"point_estimate":10837526.064285714,"standard_error":26386.696591257565},"MedianAbsDev":{"confidence_interval":{"confidence_level":0.95,"lower_bound":109364.940158384,"upper_bound":188081.116489054},"point_estimate":162033.29346666663,"standard_error":20111.91309623238},"Slope":{"confidence_interval":{"confidence_level":0.95,"lower_bound":10756388.736902963,"upper_bound":10851725.69872105},"point_estimate":10801160.374514556,"standard_error":24359.103360760513},"StdDev":{"confidence_interval":{"confidence_level":0.95,"lower_bound":120738.32808220279,"upper_bound":206981.06881729147},"point_estimate":162901.90329153516,"standard_error":22547.102865994955}}