{"Mean":{"confidence_interval":{"confidence_level":0.95,"lower_bound":26200985.473981842,"upper_bound":26577749.92018403},"point_estimate":26385127.698337447,"standard_error":96021.3936274966},"Median":{"confidence_interval":{"confidence_level":0.95,"lower_bound":25947912.233333334,"upper_bound":26504933.032967035},"point_estimate":26213860.697732214,"standard_error":137238.32151850328},"MedianAbsDev":{"confidence_interval":{"confidence_level":0.95,"lower_bound":769416.3973022264,"upper_bound":1193616.6187084354},"point_estimate":1001843.0853716313,"standard_error":106191.45151519204},"Slope":{"confidence_interval":{"confidence_level":0.95,"lower_bound":26365407.772827875,"upper_bound":26766761.49540829},"point_estimate":26560136.98731491,"standard_error":102573.80398264187},"StdDev":{"confidence_interval":{"confidence_level":0.95,"lower_bound":796072.6034237678,"upper_bound":1125786.589425257},"point_estimate":965238.0197266934,"standard_error":84345.32392023181}}