{"Mean":{"confidence_interval":{"confidence_level":0.95,"lower_bound":8861541.024780914,"upper_bound":8958276.81532406},"point_estimate":8905215.378254795,"standard_error":24792.70095245975},"Median":{"confidence_interval":{"confidence_level":0.95,"lower_bound":8818441.117283951,"upper_bound":8850562.964285715},"point_estimate":8834337.952380951,"standard_error":6819.206874704542},"MedianAbsDev":{"confidence_interval":{"confidence_level":0.95,"lower_bound":52878.02664525221,"upper_bound":109929.21620009524},"point_estimate":84125.75087488833,"standard_error":14827.968344093111},"Slope":{"confidence_interval":{"confidence_level":0.95,"lower_bound":8856606.320029333,"upper_bound":8954161.976740127},"point_estimate":8901067.611201419,"standard_error":24977.78859544019},"StdDev":{"confidence_interval":{"confidence_level":0.95,"lower_bound":134760.20538512155,"upper_bound":355483.48825393524},"point_estimate":249529.08718900307,"standard_error":58060.134580333324}}