{"Mean":{"confidence_interval":{"confidence_level":0.95,"lower_bound":20015134.87942395,"upper_bound":20355158.458287258},"point_estimate":20170996.12434838,"standard_error":87129.70320240775},"Median":{"confidence_interval":{"confidence_level":0.95,"lower_bound":19815296.72972973,"upper_bound":19997174.292682927},"point_estimate":19848051.91964286,"standard_error":40365.25046610126},"MedianAbsDev":{"confidence_interval":{"confidence_level":0.95,"lower_bound":222845.59181723115,"upper_bound":469501.0669955646},"point_estimate":326423.470789752,"standard_error":60394.45660222069},"Slope":{"confidence_interval":{"confidence_level":0.95,"lower_bound":20118034.708442405,"upper_bound":20384171.28980282},"point_estimate":20252308.653657455,"standard_error":67837.6780942129},"StdDev":{"confidence_interval":{"confidence_level":0.95,"lower_bound":499113.76150582597,"upper_bound":1173835.8410503196},"point_estimate":874233.605205412,"standard_error":169112.87473195998}}