{"Mean":{"confidence_interval":{"confidence_level":0.95,"lower_bound":19761066.397825237,"upper_bound":20238214.921977777},"point_estimate":19986220.38924921,"standard_error":121707.8641455237},"Median":{"confidence_interval":{"confidence_level":0.95,"lower_bound":19451515.636363637,"upper_bound":19584221.523809522},"point_estimate":19496701.658392437,"standard_error":35952.78182801369},"MedianAbsDev":{"confidence_interval":{"confidence_level":0.95,"lower_bound":217741.8942591389,"upper_bound":496059.70001883147},"point_estimate":345427.237914401,"standard_error":76300.93096107568},"Slope":{"confidence_interval":{"confidence_level":0.95,"lower_bound":19459719.54862177,"upper_bound":19752039.620308585},"point_estimate":19592507.639429584,"standard_error":74571.134549336},"StdDev":{"confidence_interval":{"confidence_level":0.95,"lower_bound":893750.5940091101,"upper_bound":1515138.1057150634},"point_estimate":1230330.4345976377,"standard_error":158264.57486960525}}