{"Mean":{"confidence_interval":{"confidence_level":0.95,"lower_bound":-0.34673543611389496,"upper_bound":-0.25812832872926866},"point_estimate":-0.30395477622467837,"standard_error":0.02266405324261177},"Median":{"confidence_interval":{"confidence_level":0.95,"lower_bound":-0.27571814480551105,"upper_bound":-0.11285250241766587},"point_estimate":-0.19601641032560357,"standard_error":0.043867922458028084}}