{"Mean":{"confidence_interval":{"confidence_level":0.95,"lower_bound":0.11624281734829717,"upper_bound":0.12785847576143317},"point_estimate":0.12230225017530327,"standard_error":0.0029827474832984638},"Median":{"confidence_interval":{"confidence_level":0.95,"lower_bound":0.12143774103302953,"upper_bound":0.12745182719029047},"point_estimate":0.12456234405264754,"standard_error":0.0015572870604574774}}