{"Mean":{"confidence_interval":{"confidence_level":0.95,"lower_bound":-0.15317959516489577,"upper_bound":-0.1444710572457384},"point_estimate":-0.14872254584389033,"standard_error":0.002229930711714786},"Median":{"confidence_interval":{"confidence_level":0.95,"lower_bound":-0.14927480701973483,"upper_bound":-0.14463114555580348},"point_estimate":-0.14685328296514621,"standard_error":0.001191420875738843}}