{"Mean":{"confidence_interval":{"confidence_level":0.95,"lower_bound":-0.11929572934334623,"upper_bound":-0.09029604781489158},"point_estimate":-0.10711163467693496,"standard_error":0.007215711347610946},"Median":{"confidence_interval":{"confidence_level":0.95,"lower_bound":-0.11913620954222015,"upper_bound":-0.11011920352367033},"point_estimate":-0.11307216428851563,"standard_error":0.0026427582110271903}}