{"Mean":{"confidence_interval":{"confidence_level":0.95,"lower_bound":-0.22109824521809038,"upper_bound":-0.20650070834302697},"point_estimate":-0.2143264729615333,"standard_error":0.0038212989009228358},"Median":{"confidence_interval":{"confidence_level":0.95,"lower_bound":-0.22575535025388194,"upper_bound":-0.22070111243260426},"point_estimate":-0.2231716045339628,"standard_error":0.0012956646831836064}}