{"Mean":{"confidence_interval":{"confidence_level":0.95,"lower_bound":0.00047948172033537953,"upper_bound":0.017185543725354583},"point_estimate":0.00925497473793202,"standard_error":0.004252848015538697},"Median":{"confidence_interval":{"confidence_level":0.95,"lower_bound":0.005875897970573751,"upper_bound":0.00988125947071894},"point_estimate":0.00723836566124092,"standard_error":0.0010637064801761735}}