{"Mean":{"confidence_interval":{"confidence_level":0.95,"lower_bound":-0.17923703952205758,"upper_bound":-0.1637728410663526},"point_estimate":-0.17139904719526633,"standard_error":0.003938190547664729},"Median":{"confidence_interval":{"confidence_level":0.95,"lower_bound":-0.17275710660916443,"upper_bound":-0.16586769849593852},"point_estimate":-0.16908494558010445,"standard_error":0.0017786915232176593}}