{"Mean":{"confidence_interval":{"confidence_level":0.95,"lower_bound":-0.10016488603644069,"upper_bound":-0.07126471832333224},"point_estimate":-0.0842588152840128,"standard_error":0.007412455704285391},"Median":{"confidence_interval":{"confidence_level":0.95,"lower_bound":-0.07785716195860826,"upper_bound":-0.06641860957222567},"point_estimate":-0.0725333612361797,"standard_error":0.0030120475510026132}}