{"Mean":{"confidence_interval":{"confidence_level":0.95,"lower_bound":-0.15807221248794076,"upper_bound":-0.14279521002174328},"point_estimate":-0.15039515545793658,"standard_error":0.003910930703072674},"Median":{"confidence_interval":{"confidence_level":0.95,"lower_bound":-0.15952436364721634,"upper_bound":-0.14486265635166995},"point_estimate":-0.15269562771011091,"standard_error":0.003278319018440153}}