{"Mean":{"confidence_interval":{"confidence_level":0.95,"lower_bound":0.13514335358950844,"upper_bound":0.16001380554568717},"point_estimate":0.1476277562613566,"standard_error":0.006354939320250154},"Median":{"confidence_interval":{"confidence_level":0.95,"lower_bound":0.1381872699367468,"upper_bound":0.15544417582181858},"point_estimate":0.14312666161933563,"standard_error":0.003932002128871958}}