{"Mean":{"confidence_interval":{"confidence_level":0.95,"lower_bound":-0.013234992896389602,"upper_bound":0.03377966173441194},"point_estimate":0.009634333754173552,"standard_error":0.011934357212411031},"Median":{"confidence_interval":{"confidence_level":0.95,"lower_bound":-0.014752333729282863,"upper_bound":-0.008126872255246997},"point_estimate":-0.011630110763250379,"standard_error":0.0017252393418762564}}