{"Mean":{"confidence_interval":{"confidence_level":0.95,"lower_bound":-0.04769024750258041,"upper_bound":-0.030139482100842385},"point_estimate":-0.03957966710817307,"standard_error":0.004543872674268058},"Median":{"confidence_interval":{"confidence_level":0.95,"lower_bound":-0.05092559432305928,"upper_bound":-0.042159571917493234},"point_estimate":-0.047983670516028254,"standard_error":0.0022703062877045196}}