{"Mean":{"confidence_interval":{"confidence_level":0.95,"lower_bound":-0.30917781984023335,"upper_bound":-0.2748359132846964},"point_estimate":-0.2906859822223745,"standard_error":0.008784647204926733},"Median":{"confidence_interval":{"confidence_level":0.95,"lower_bound":-0.27133179410431596,"upper_bound":-0.2677707648660601},"point_estimate":-0.2693263930204577,"standard_error":0.0008940059905827788}}