{"Mean":{"confidence_interval":{"confidence_level":0.95,"lower_bound":-0.011044601093317476,"upper_bound":0.0045646251882273},"point_estimate":-0.002846143509378285,"standard_error":0.003979474636753594},"Median":{"confidence_interval":{"confidence_level":0.95,"lower_bound":-0.0008838892207949645,"upper_bound":0.00435752214908347},"point_estimate":0.0031736816066296747,"standard_error":0.0013452098740957448}}