{"Mean":{"confidence_interval":{"confidence_level":0.95,"lower_bound":-0.30662203035585245,"upper_bound":-0.28751437059718504},"point_estimate":-0.2969458921411924,"standard_error":0.004879709702404684},"Median":{"confidence_interval":{"confidence_level":0.95,"lower_bound":-0.2896200345485879,"upper_bound":-0.28366337913826256},"point_estimate":-0.2864849556046565,"standard_error":0.0014936457168483884}}