{"Mean":{"confidence_interval":{"confidence_level":0.95,"lower_bound":-0.10412513211189187,"upper_bound":-0.08716195895548695},"point_estimate":-0.0961866376981022,"standard_error":0.004242890314010852},"Median":{"confidence_interval":{"confidence_level":0.95,"lower_bound":-0.11288862353102236,"upper_bound":-0.09490157514962849},"point_estimate":-0.10524957670950208,"standard_error":0.004437827961815086}}