{"Mean":{"confidence_interval":{"confidence_level":0.95,"lower_bound":107.4950588852738,"upper_bound":112.25388982728757},"point_estimate":109.94806174741161,"standard_error":1.2148160061809243},"Median":{"confidence_interval":{"confidence_level":0.95,"lower_bound":111.89489091716804,"upper_bound":114.82261601399284},"point_estimate":113.87773144977066,"standard_error":0.7099146557194671}}