{"Mean":{"confidence_interval":{"confidence_level":0.95,"lower_bound":0.05788083703968483,"upper_bound":0.07784694216754345},"point_estimate":0.06796042095460342,"standard_error":0.005097734246438302},"Median":{"confidence_interval":{"confidence_level":0.95,"lower_bound":0.05799073513689046,"upper_bound":0.07450349061435313},"point_estimate":0.06552337834445443,"standard_error":0.0039690736684413015}}