{"Mean":{"confidence_interval":{"confidence_level":0.95,"lower_bound":-0.24373845541925462,"upper_bound":-0.22697707976644543},"point_estimate":-0.2355164486992658,"standard_error":0.004268556551925587},"Median":{"confidence_interval":{"confidence_level":0.95,"lower_bound":-0.2511972713478593,"upper_bound":-0.23427201042509793},"point_estimate":-0.24284132930637214,"standard_error":0.004153550617189434}}