{"Mean":{"confidence_interval":{"confidence_level":0.95,"lower_bound":7.041105226427881,"upper_bound":7.37496323611948},"point_estimate":7.207328596223599,"standard_error":0.08584644961236676},"Median":{"confidence_interval":{"confidence_level":0.95,"lower_bound":6.951347272076386,"upper_bound":7.099690271135491},"point_estimate":6.981870469673117,"standard_error":0.03721989488472852}}