{"Mean":{"confidence_interval":{"confidence_level":0.95,"lower_bound":-0.15179655191443142,"upper_bound":-0.13797892795701347},"point_estimate":-0.14477886608367674,"standard_error":0.003504175642970746},"Median":{"confidence_interval":{"confidence_level":0.95,"lower_bound":-0.1419363320640411,"upper_bound":-0.12403793857393208},"point_estimate":-0.1320637409930645,"standard_error":0.00452099053568195}}