{"Mean":{"confidence_interval":{"confidence_level":0.95,"lower_bound":-0.011342873445604248,"upper_bound":0.012994628434032362},"point_estimate":-0.0014946369939587978,"standard_error":0.0063264864135269515},"Median":{"confidence_interval":{"confidence_level":0.95,"lower_bound":-0.020886156708348164,"upper_bound":-0.009635206569680477},"point_estimate":-0.016613746308581923,"standard_error":0.0028982849698204927}}