{"Mean":{"confidence_interval":{"confidence_level":0.95,"lower_bound":-0.02322913001762875,"upper_bound":0.003529714683423318},"point_estimate":-0.009160466541170309,"standard_error":0.00683133776336109},"Median":{"confidence_interval":{"confidence_level":0.95,"lower_bound":-0.02474044120432417,"upper_bound":-0.013120824796068131},"point_estimate":-0.017702002326117627,"standard_error":0.0027072246879620864}}