{"Mean":{"confidence_interval":{"confidence_level":0.95,"lower_bound":-0.1355934263607065,"upper_bound":-0.12182981509600721},"point_estimate":-0.129241911698051,"standard_error":0.003486254693203228},"Median":{"confidence_interval":{"confidence_level":0.95,"lower_bound":-0.13980790360274678,"upper_bound":-0.12077987953036573},"point_estimate":-0.13136682679644462,"standard_error":0.004743290230348844}}