{"Mean":{"confidence_interval":{"confidence_level":0.95,"lower_bound":-0.1884764350145815,"upper_bound":-0.1670083400932388},"point_estimate":-0.17651584321488412,"standard_error":0.005512631368155096},"Median":{"confidence_interval":{"confidence_level":0.95,"lower_bound":-0.17385440589416248,"upper_bound":-0.16812756829345432},"point_estimate":-0.17106644375910451,"standard_error":0.0014965652254226001}}