{"Mean":{"confidence_interval":{"confidence_level":0.95,"lower_bound":0.16726015255702076,"upper_bound":0.19249138666315058},"point_estimate":0.17955576753905733,"standard_error":0.006361935362491248},"Median":{"confidence_interval":{"confidence_level":0.95,"lower_bound":0.17021547510834045,"upper_bound":0.18639174437774964},"point_estimate":0.1764602478233568,"standard_error":0.004099007610284585}}