{"Mean":{"confidence_interval":{"confidence_level":0.95,"lower_bound":456484.01186468796,"upper_bound":461149.99000340444},"point_estimate":458693.6139851764,"standard_error":1194.3508005887936},"Median":{"confidence_interval":{"confidence_level":0.95,"lower_bound":452869.06319444446,"upper_bound":454818.11640211643},"point_estimate":453751.22257834754,"standard_error":438.239728818335},"MedianAbsDev":{"confidence_interval":{"confidence_level":0.95,"lower_bound":2628.834515031022,"upper_bound":5444.4404407115135},"point_estimate":3870.6305984181063,"standard_error":692.485379446219},"Slope":{"confidence_interval":{"confidence_level":0.95,"lower_bound":460052.69577363646,"upper_bound":466875.6029464041},"point_estimate":463547.9851317669,"standard_error":1730.5041660476463},"StdDev":{"confidence_interval":{"confidence_level":0.95,"lower_bound":8712.231813697728,"upper_bound":14913.846388928383},"point_estimate":11970.942352976765,"standard_error":1585.229231052066}}