{"Mean":{"confidence_interval":{"confidence_level":0.95,"lower_bound":312172.1893294792,"upper_bound":318218.7236751551},"point_estimate":314897.6291657666,"standard_error":1548.3595772915432},"Median":{"confidence_interval":{"confidence_level":0.95,"lower_bound":310081.60364205437,"upper_bound":310756.599137931},"point_estimate":310381.4435529279,"standard_error":158.3513542646182},"MedianAbsDev":{"confidence_interval":{"confidence_level":0.95,"lower_bound":951.5730831982632,"upper_bound":2168.225660962268},"point_estimate":1278.207465299061,"standard_error":326.67447245802515},"Slope":{"confidence_interval":{"confidence_level":0.95,"lower_bound":313162.1658029887,"upper_bound":325739.45649848523},"point_estimate":319029.8645751441,"standard_error":3188.442525760759},"StdDev":{"confidence_interval":{"confidence_level":0.95,"lower_bound":7720.710239258268,"upper_bound":21543.499250022753},"point_estimate":15607.6557091565,"standard_error":3496.7205139605308}}