{"Mean":{"confidence_interval":{"confidence_level":0.95,"lower_bound":282814.15733781946,"upper_bound":284644.8483763434},"point_estimate":283669.9789629366,"standard_error":469.2656450981756},"Median":{"confidence_interval":{"confidence_level":0.95,"lower_bound":282110.60714285716,"upper_bound":283174.4795311646},"point_estimate":282499.2317580049,"standard_error":288.12376792054494},"MedianAbsDev":{"confidence_interval":{"confidence_level":0.95,"lower_bound":1872.2356706247838,"upper_bound":3150.8899391520276},"point_estimate":2536.205852608479,"standard_error":312.248449262401},"Slope":{"confidence_interval":{"confidence_level":0.95,"lower_bound":284413.3143375854,"upper_bound":287602.28620083},"point_estimate":285917.34325919906,"standard_error":815.8340606109006},"StdDev":{"confidence_interval":{"confidence_level":0.95,"lower_bound":3041.389075160717,"upper_bound":6081.302201338679},"point_estimate":4743.3295158173705,"standard_error":769.3003242863053}}