{"Mean":{"confidence_interval":{"confidence_level":0.95,"lower_bound":12835.924938725711,"upper_bound":13055.54364220932},"point_estimate":12930.921769786226,"standard_error":56.6641747690001},"Median":{"confidence_interval":{"confidence_level":0.95,"lower_bound":12784.929833112557,"upper_bound":12850.143357426448},"point_estimate":12815.85466507177,"standard_error":16.3925980776878},"MedianAbsDev":{"confidence_interval":{"confidence_level":0.95,"lower_bound":106.7190050004418,"upper_bound":196.22483905597988},"point_estimate":142.03145698136186,"standard_error":22.35621518107409},"Slope":{"confidence_interval":{"confidence_level":0.95,"lower_bound":12719.750384582421,"upper_bound":12764.772560375704},"point_estimate":12741.07863727221,"standard_error":11.494837072803808},"StdDev":{"confidence_interval":{"confidence_level":0.95,"lower_bound":221.45220831339108,"upper_bound":860.3423632258674},"point_estimate":567.71517554287,"standard_error":167.8582654495376}}