{"Mean":{"confidence_interval":{"confidence_level":0.95,"lower_bound":14179.427677074182,"upper_bound":14281.436984692335},"point_estimate":14223.630909120351,"standard_error":26.272615910034414},"Median":{"confidence_interval":{"confidence_level":0.95,"lower_bound":14149.368802521009,"upper_bound":14194.588203630734},"point_estimate":14171.289178479741,"standard_error":12.549962405732664},"MedianAbsDev":{"confidence_interval":{"confidence_level":0.95,"lower_bound":67.1279512146567,"upper_bound":121.20465573179102},"point_estimate":88.3501355152448,"standard_error":13.427297578737985},"Slope":{"confidence_interval":{"confidence_level":0.95,"lower_bound":14167.36357025306,"upper_bound":14369.484726559234},"point_estimate":14246.503243074088,"standard_error":54.44507279610966},"StdDev":{"confidence_interval":{"confidence_level":0.95,"lower_bound":100.27647874833187,"upper_bound":395.5247922165338},"point_estimate":264.19055207124626,"standard_error":78.54611305003961}}