{"Mean":{"confidence_interval":{"confidence_level":0.95,"lower_bound":29753.44614964423,"upper_bound":30233.683131966776},"point_estimate":29972.02513159485,"standard_error":122.5680394104115},"Median":{"confidence_interval":{"confidence_level":0.95,"lower_bound":29455.69459298871,"upper_bound":30220.151515151516},"point_estimate":29621.75943654382,"standard_error":184.8018075077236},"MedianAbsDev":{"confidence_interval":{"confidence_level":0.95,"lower_bound":615.8335632219721,"upper_bound":1030.4059357280032},"point_estimate":904.8773472573265,"standard_error":104.54545651469962},"Slope":{"confidence_interval":{"confidence_level":0.95,"lower_bound":29302.6944182445,"upper_bound":30446.116227865394},"point_estimate":29809.625855690047,"standard_error":296.4027843666606},"StdDev":{"confidence_interval":{"confidence_level":0.95,"lower_bound":709.5769160928675,"upper_bound":1725.6670728490537},"point_estimate":1226.6500595826926,"standard_error":269.7344739993182}}