{"Mean":{"confidence_interval":{"confidence_level":0.95,"lower_bound":15114.689820137977,"upper_bound":15302.288242644832},"point_estimate":15188.571877849465,"standard_error":49.64706614581328},"Median":{"confidence_interval":{"confidence_level":0.95,"lower_bound":15079.375283446712,"upper_bound":15180.577895355673},"point_estimate":15135.838958890163,"standard_error":26.281272840689486},"MedianAbsDev":{"confidence_interval":{"confidence_level":0.95,"lower_bound":121.68500523215172,"upper_bound":185.15429478048551},"point_estimate":155.95157306463943,"standard_error":16.232327948889395},"Slope":{"confidence_interval":{"confidence_level":0.95,"lower_bound":15080.240629684664,"upper_bound":15507.698309596497},"point_estimate":15250.167910236652,"standard_error":113.61918263968137},"StdDev":{"confidence_interval":{"confidence_level":0.95,"lower_bound":140.70576214031948,"upper_bound":821.3234512567017},"point_estimate":499.9524167078618,"standard_error":218.66569888995141}}