{"Mean":{"confidence_interval":{"confidence_level":0.95,"lower_bound":16784.04932752704,"upper_bound":17588.60245105884},"point_estimate":17144.10293134127,"standard_error":206.6014584268978},"Median":{"confidence_interval":{"confidence_level":0.95,"lower_bound":16570.66313559322,"upper_bound":16657.31677381648},"point_estimate":16608.552391713747,"standard_error":24.28459443796042},"MedianAbsDev":{"confidence_interval":{"confidence_level":0.95,"lower_bound":140.95007032106972,"upper_bound":360.1458074065503},"point_estimate":217.4665854096573,"standard_error":55.826254249918705},"Slope":{"confidence_interval":{"confidence_level":0.95,"lower_bound":16563.313858075242,"upper_bound":17094.69724483733},"point_estimate":16779.367262512744,"standard_error":139.57733724806315},"StdDev":{"confidence_interval":{"confidence_level":0.95,"lower_bound":955.7953897063321,"upper_bound":2888.0952583401854},"point_estimate":2074.3924014158038,"standard_error":483.74659814985233}}